,Mkt-RF,SMB,HML,RMW,CMA,RF,SMALL LoBM,ME1 BM2,ME1 BM3,ME1 BM4,SMALL HiBM,ME2 BM1,ME2 BM2,ME2 BM3,ME2 BM4,ME2 BM5,ME3 BM1,ME3 BM2,ME3 BM3,ME3 BM4,ME3 BM5,ME4 BM1,ME4 BM2,ME4 BM3,ME4 BM4,ME4 BM5,BIG LoBM,ME5 BM2,ME5 BM3,ME5 BM4,BIG HiBM
196307,-0.39,-0.47,-0.83,0.64,-1.15,0.27,1.1234,-0.1481,0.5563,0.1097,-1.3212,-1.8721,0.2945,-0.8445,-1.9644,-1.1889,-2.3295,-1.3042,-0.7967,-2.2305,-1.7984,-0.8456,-1.7052,-2.0042,-1.6657,-1.8567,0.1401,0.4524,1.2557,-0.429,-1.1026
196308,5.07,-0.78,1.67,0.34,-0.4,0.25,4.2429,1.4831,1.3214,2.3701,4.6745,5.3983,4.6462,4.3639,4.4188,8.2329,5.2577,5.0255,5.4633,4.8264,5.1541,5.3965,4.7614,6.2068,7.5619,5.3469,5.771,4.223,4.7487,8.1419,6.3824
196309,-1.57,-0.48,0.18,-0.75,0.24,0.27,-2.8922,0.7027,-1.0869,-1.5812,-0.3581,-3.9164,-1.5713,-0.6417,-1.1812,-2.9149,-4.4644,-1.5314,-0.4876,-0.3268,-1.8203,-2.6893,-2.0139,-1.8941,-3.5823,-1.9943,-1.3721,-0.772,-0.9852,-0.1905,-3.4963
196310,2.53,-1.29,-0.1,2.74,-2.24,0.29,1.2861,-0.6491,1.2443,0.1,2.3724,1.1882,4.3011,2.3438,2.2012,3.9335,2.359,0.588,2.7346,2.0481,1.068,-0.4287,0.9057,2.3459,5.3382,0.6113,5.3261,1.7383,-0.2829,2.415,0.4857
196311,-0.85,-0.84,1.71,-0.44,2.22,0.27,-3.3793,-4.0355,-1.5969,-1.0548,-1.0454,-4.1822,-1.7644,-0.7064,-0.1002,-0.1132,-3.0302,-1.524,-0.941,-0.7518,-1.2116,-0.8648,-0.8828,-0.4882,1.1451,3.5388,-1.2561,0.9849,-1.5542,-2.1322,1.3455
196312,1.83,-1.89,-0.12,0.08,-0.3,0.29,-2.3593,-1.1798,-0.9018,-1.6367,-1.052,-0.6814,-0.9143,1.1527,0.8901,0.1212,0.3589,1.4736,1.2737,1.7197,0.4665,-0.1318,1.1983,1.7274,3.1393,6.1498,2.6237,2.2981,2.2921,2.5149,2.1308
196401,2.24,0.08,1.59,0.21,1.5,0.3,3.9767,3.0833,4.1068,4.1398,4.9545,-1.8043,-0.6418,3.6688,1.4763,4.2346,0.1105,1.0158,2.495,3.9771,3.2152,-0.2988,1.7765,1.1774,3.6204,3.3373,3.0934,3.1881,1.7441,2.0144,1.6235
196402,1.54,0.32,2.83,0.07,0.85,0.26,2.9555,2.873,2.2555,0.2821,4.5557,1.616,1.7313,2.5109,2.1229,6.1003,0.1019,2.8322,1.774,3.7564,4.0122,2.522,1.4409,3.0066,7.4544,4.6097,1.8224,0.5124,1.0418,3.983,3.751
196403,1.41,1.42,3.32,-2.03,2.93,0.31,0.4966,1.3121,2.3753,3.5429,2.6887,2.322,3.244,3.472,5.6796,6.1528,-0.5576,2.5722,4.4163,5.7097,6.7543,1.9864,2.9255,5.2494,6.9476,0.7218,1.1585,0.7364,3.6898,3.8351,0.1494
196404,0.1,-1.51,-0.55,-1.37,-1.08,0.29,-1.5521,2.6366,-0.4091,-0.878,-0.9517,-0.7625,-4.0694,0.6079,-1.6136,-0.6557,-2.0882,-1.0485,0.2559,-0.749,-1.0221,-2.6728,0.6352,1.6896,-2.0612,-2.2799,0.2273,1.4744,0.8217,-0.9047,2.4177
196405,1.42,-0.68,1.98,-0.26,0.24,0.26,-1.252,-1.3431,0.4715,0.3367,1.5856,3.1248,0.3595,2.9579,1.8542,3.7386,-0.6274,1.5308,-0.2996,2.1331,2.4988,1.1101,2.416,1.3073,2.6065,4.101,2.0659,0.3111,1.2718,4.2802,3.3864
196406,1.27,0.08,0.68,-0.39,0.14,0.3,1.9421,0.5264,1.2774,0.7808,1.0969,0.8807,1.6791,1.5988,1.1354,2.2101,1.0255,2.4139,2.068,2.4619,1.2404,0.9431,1.2939,1.1684,2.8764,3.1078,0.9729,2.8991,0.2828,1.3636,2.4156
196407,1.74,0.53,0.68,0.14,1.84,0.3,0.8464,3.883,4.2554,2.6285,4.8118,1.0572,1.6074,4.0006,3.1051,2.4158,2.8108,2.7962,3.0269,3.2799,1.2401,1.1094,3.3974,1.5688,1.7746,3.1177,2.5914,0.6598,3.9497,1.9029,0.8222
196408,-1.44,0.3,0.09,0.06,0.36,0.28,1.2711,-1.907,-1.749,-0.896,-0.4938,-1.7902,-2.7708,-1.0857,0.3228,-1.8459,-2.7834,-0.5807,0.567,-0.1977,-2.0228,-1.0435,0.1881,1.0186,-0.0191,-0.2374,-1.2629,-1.5768,-0.0707,-1.0389,-2.7371
196409,2.69,-0.31,1.65,-0.48,0.58,0.28,4.6885,4.0315,6.0219,2.7272,3.9919,3.5364,2.8847,2.2849,1.9974,4.753,1.7612,2.0247,3.2296,3.2253,3.7708,2.9487,3.3454,4.2984,4.849,4.7579,3.0996,1.1876,4.439,4.4254,6.9184
196410,0.59,0.88,1.14,-0.29,0.48,0.29,1.7043,0.374,2.1704,2.2325,3.3723,-1.4831,1.8614,2.0591,1.3112,1.3547,3.2059,3.3977,1.7484,1.3673,2.7154,1.1622,1.2132,1.2688,3.1881,3.4816,0.3437,1.0165,0.3508,0.4145,3.6739
196411,0,-0.27,-1.98,0.6,-0.16,0.29,-0.1603,-0.4088,0.6954,0.7246,0.6234,-0.699,-0.0232,-0.0826,-0.5965,-1.8008,1.6113,0.6715,-0.0197,0.4266,0.164,0.5949,1.5067,-0.6105,-0.8331,-4.0612,1.0391,-0.2816,1.4876,-1.2429,-4.8657
196412,0.03,-0.58,-2.55,1.13,-1.63,0.31,-1.5129,-1.3967,-2.546,-2.5918,-1.8116,1.4318,0.4568,0.5316,-2.2114,-1.0025,0.115,0.7396,-0.3939,-1.8123,-0.9072,1.0635,0.0535,-1.6199,-0.9551,-1.4361,0.8399,1.3076,-0.9272,-1.2009,-1.2581
196501,3.54,2.49,0.18,0.84,0.11,0.28,8.5641,5.8323,6.5993,7.245,8.8036,7.648,5.5808,5.7697,5.9866,6.1864,5.2046,6.3029,5.1145,6.0584,6.966,6.6065,4.1326,5.2312,5.1165,7.4877,4.71,1.2279,3.1004,3.622,3.5078
196502,0.44,3.31,0.22,0.4,-0.69,0.3,1.5794,1.0678,2.7161,3.0096,3.4986,3.4382,4.4841,3.252,3.4893,3.8161,3.8964,4.7537,4.7885,2.894,3.4394,1.5041,3.5059,3.9892,3.1987,1.7863,0.1697,-0.1595,0.0796,-0.4272,-1.0988
196503,-1.34,2.03,1.09,-0.3,0.73,0.36,1.4044,2.717,1.4618,2.489,3.1547,2.0241,-1.4149,1.2362,1.3014,0.6605,-0.29,-0.24,-0.2978,1.4463,0.6379,-0.6703,-0.3546,-0.4817,0.4395,2.0934,-1.3119,-1.6834,-1.6367,-0.6142,0.2936
196504,3.11,1.18,0.71,0.26,-2.3,0.31,3.3757,4.8607,5.2017,4.0676,4.6019,0.0003,4.8277,4.2246,4.7033,5.142,2.8021,3.0068,4.3179,3.5262,6.7989,2.5424,2.9329,4.6715,4.3912,2.6447,4.5926,1.8495,2.1106,2.1037,4.333
196505,-0.77,0.06,-1.63,-0.37,0.7,0.31,-0.597,-2.3215,-1.1429,-0.4232,-1.2693,1.2679,-0.8293,-1.1878,-0.3296,-2.1589,-0.4077,0.5983,-1.482,-0.8103,-0.58,-1.055,-0.0272,-0.9491,-0.3614,-3.3105,-0.726,0.9427,-0.2344,-0.5163,-3.5541
196506,-5.51,-4.3,0.55,0.12,0.41,0.35,-12.4001,-10.7627,-9.4745,-8.0205,-9.5674,-10.3844,-8.3678,-8.9351,-8.3303,-8.2892,-6.9572,-9.3673,-8.4419,-8.7327,-8.3849,-6.1574,-6.9212,-8.1461,-8.6617,-8.9668,-4.4268,-3.5824,-4.9769,-3.633,-5.4288
196507,1.43,1.07,2.18,-1.44,-0.02,0.31,2.4449,3.7103,3.2169,2.29,4.3431,3.7099,1.3543,2.8801,3.7322,4.29,1.3893,4.5165,2.5087,4.5198,4.6479,2.6464,3.1032,4.1814,2.6199,5.7876,1.5245,-0.0437,1.8876,3.8748,5.0599
196508,2.73,2.72,-0.96,2.06,-0.76,0.33,2.9082,5.4828,5.3181,3.8041,3.9318,7.3129,3.9586,5.1523,4.4534,4.0995,8.1482,5.0451,7.6512,3.7178,5.9122,4.0819,4.0195,5.3362,3.0665,4.341,3.2621,1.3557,3.4901,1.1232,2.3953
196509,2.86,0.61,-0.1,-0.97,0.82,0.31,3.08,6.1964,1.4997,3.9392,3.1465,5.3879,3.7244,2.9823,4.8743,2.9238,2.5589,4.2967,2.4364,5.0407,4.6487,3.8354,3.7313,1.2301,2.9785,3.8306,3.9272,2.3223,2.476,3.5201,3.2515
196510,2.6,3.43,1.52,1.27,-0.76,0.31,5.9712,9.2586,6.0287,5.6348,9.055,4.5444,6.1471,4.2759,5.3932,5.3798,4.5113,4.8264,5.6789,5.541,5.1048,4.3061,3.1809,2.9277,4.4173,7.8738,3.1384,0.2669,3.0514,4.4222,5.4816
196511,-0.03,5.2,0.21,-1.09,-0.9,0.35,3.5853,6.738,2.4335,8.0918,6.6297,1.4377,5.5811,4.2575,5.4318,4.048,3.5356,3.3836,5.2857,2.8337,2.6488,3.5229,2.8138,3.3691,1.148,6.0764,-0.3037,-1.8517,1.255,-1.2821,-2.275
196512,1.01,2.65,1.95,-1.24,-0.45,0.33,6.4061,7.3525,2.344,3.8728,4.9632,3.6686,5.0612,3.9601,2.3878,7.3704,2.7818,1.328,4.0189,1.5988,5.6335,1.3034,1.3391,1.6231,4.3141,4.7832,1.0103,-0.2053,1.2605,2.7992,2.9558
196601,0.72,4.72,3.49,-2.84,-0.07,0.38,5.8757,6.1252,8.4953,9.5804,9.2611,4.8531,5.5152,5.2212,5.3198,6.4047,4.1093,2.8438,2.9188,4.5832,6.0148,0.6698,2.0493,4.9538,4.2498,5.7043,-0.3719,-0.6373,1.7297,3.0563,3.4997
196602,-1.21,4.86,0.27,-0.16,-1.44,0.35,6.4919,6.1003,1.7637,4.6412,6.1313,4.8901,5.386,1.9583,-0.2085,3.5297,-0.1237,1.8587,4.3132,2.4861,2.9023,2.2571,-1.573,0.6434,0.6801,3.5463,-1.3268,-2.2691,-1.6922,-1.9663,-2.0557
196603,-2.51,0.22,-2.07,1.34,-0.01,0.38,0.4302,-0.4055,-2.2779,-0.8356,-1.1006,0.1883,-1.7233,-2.4526,-3.6285,-1.557,-1.7207,-4.7081,-2.3592,-3.3801,-3.7122,0.0488,-1.3941,-3.2976,-2.5368,-4.2177,-1.474,-3.4162,-1.0924,-2.1509,-4.5021
196604,2.14,3.38,-0.54,0.44,-0.91,0.34,10.5139,4.6831,5.8429,6.9314,3.8781,2.7326,5.1946,3.6853,7.7015,8.7953,3.8115,4.0488,3.127,4.3838,2.4018,4.0802,2.4861,3.4612,4.8273,0.3389,2.1117,1.8738,1.2218,2.4061,1.9991
196605,-5.66,-5.19,-1.55,1.69,-1.52,0.41,-12.3013,-13.3738,-10.3573,-10.7611,-11.7866,-9.7592,-10.0972,-8.7631,-10.0317,-9.1777,-6.2935,-7.0317,-7.6381,-10.5574,-9.4822,-5.0816,-5.1564,-6.7096,-8.8227,-10.7558,-4.1889,-3.8667,-4.7328,-5.5063,-5.4507
196606,-1.44,1.34,0.5,0.05,0.8,0.38,-0.6824,-0.2759,1.071,1.5448,0.3766,1.3324,0.4358,-0.0637,-0.6477,0.2485,0.3944,-0.5198,2.6905,-0.3626,-0.683,-0.8593,-0.3602,0.0017,3.4268,-0.0842,-1.9986,-1.4809,-0.689,0.8559,-0.6948
196607,-1.63,-0.5,0.96,-0.46,1.78,0.35,-2.1739,-1.751,-2.3778,0.0135,-1.0599,-3.1657,-2.3341,-0.729,-1.6938,-1.6869,-1.0345,-2.0679,-0.6466,-0.7935,-1.4238,-0.8236,-1.3688,-2.0464,-2.697,-2.3773,-1.6864,-1.4936,-0.6138,0.9135,-1.326
196608,-7.91,-3.03,0.47,0.06,0.77,0.41,-11.9646,-10.5214,-9.9631,-11.0473,-10.4161,-12.7672,-10.143,-9.3653,-9.6835,-10.9118,-10.6818,-8.6482,-7.9789,-9.942,-8.6292,-9.3873,-7.6617,-7.9129,-6.9637,-9.4044,-7.1873,-8.7472,-5.7046,-6.1912,-7.9624
196609,-1.06,-1.19,0.53,-1.66,2.5,0.4,-2.0164,-1.8402,-1.8161,-1.9233,-1.2181,-1.8183,0.9079,-2.2521,-1.819,-2.0855,-2.1949,-4.3174,0.4292,-0.1997,-1.2755,-1.0739,0.1546,-1.2518,-3.2299,-0.3762,-1.3094,1.0071,0.4795,0.2753,-1.6179
196610,3.86,-6.53,2.87,-3.64,4.28,0.45,-8.0065,-4.7175,-4.4987,-1.1373,-1.416,-5.364,-0.824,-0.8158,0.3173,-0.21,-1.8702,1.4897,3.2466,4.9836,1.6575,0.3109,4.953,3.8079,3.7496,1.9296,2.9392,5.625,9.2021,6.2743,6.5077
196611,1.4,3.37,-4.46,4.18,-6.53,0.4,8.4391,3.5803,4.7042,2.4402,3.589,7.7597,3.0753,7.4347,1.9298,2.6885,9.3354,6.4773,1.1391,4.5771,0.637,8.618,1.2966,1.4545,2.0443,0.7892,3.6719,1.9047,-2.5331,-1.4293,-1.0731
196612,0.13,1.93,-1.22,0.68,-0.13,0.4,4.1887,2.6142,2.5021,0.8137,0.2328,4.7503,3.4576,0.9245,2.243,0.6964,3.1883,3.7043,0.4487,3.1068,-0.4132,2.9634,2.3162,1.6444,3.6156,1.953,-0.871,0.0758,1.4591,-0.1425,-0.1227
196701,8.15,9,2.22,0.62,-2.98,0.43,20.5686,20.1184,19.5247,20.6142,17.4187,16.9665,16.444,17.6109,17.3934,20.4686,16.9832,14.4911,12.1993,13.1637,14.3448,9.778,6.68,10.7449,11.2193,13.5276,7.7322,7.0965,4.8745,7.8591,13.7899
196702,0.78,3.03,-2.17,1.93,-0.94,0.36,7.3009,5.3938,5.2832,4.4799,5.9275,3.2454,2.8425,1.2934,3.2515,1.6492,1.9406,2.0415,1.9312,0.7805,0.887,2.9131,-0.4038,-0.2011,1.0839,0.2107,2.3014,0.667,-0.7874,-0.8658,-1.33
196703,3.99,1.91,0.31,0.9,-1.51,0.39,7.1692,6.1509,4.9988,7.51,5.2425,6.8662,6.1629,7.1679,6.5706,6.2631,5.6319,5.3637,4.6457,8.3173,4.075,5.7894,4.2717,5.9142,4.3024,5.977,4.2598,3.0891,3.1531,4.6729,5.3175
196704,3.89,0.46,-2.64,2.44,-3.75,0.32,6.7813,4.2416,3.4974,4.0327,3.5775,3.2009,4.0422,5.0639,3.9044,3.3418,5.5552,4.4402,2.9887,5.3865,2.8081,6.6606,2.9818,4.09,3.5137,2.8157,6.8866,2.8402,0.1138,3.5468,1.7638
196705,-4.33,2.37,0.8,-1.75,1.61,0.33,0.2259,0.7148,-0.8453,-0.9907,-0.6344,-1.2816,0.6486,0.4954,-2.6295,-3.57,-3.0619,-1.8975,-1.8854,-0.2384,-1.9758,-2.2254,-0.545,-2.1452,-1.0689,-0.6484,-5.6526,-4.2053,-4.0482,-3.703,-3.6596
196706,2.41,6.47,0.96,-0.63,-2.38,0.27,15.7613,9.3533,12.5508,12.1768,10.1779,10.2446,6.8181,6.9293,9.4103,5.9872,5.3568,8.1879,4.1933,5.1106,3.4548,3.1082,2.3217,3.6678,6.7072,6.1274,1.4221,0.3958,1.6194,2.8988,3.0943
196707,4.58,3.48,2.65,0.51,2.73,0.31,9.3213,9.6497,10.0437,7.6255,11.8277,6.1726,6.6112,9.3847,9.4111,8.4125,5.3805,4.9914,5.8998,7.2319,11.5789,4.791,4.6581,5.0812,7.2256,9.0224,4.4462,5.6367,2.1142,5.8685,6.4583
196708,-0.89,0.76,1.46,0.42,1.4,0.31,-0.7086,0.5643,0.4005,0.1612,2.0907,-1.183,-1.4183,0.6346,0.5057,1.106,-3.0349,0.7716,1.3193,1.2959,-0.2848,-0.9087,-0.97,-0.6906,1.1208,3.797,-0.5742,-1.0246,-1.5269,0.4557,1.338
196709,3.11,2.46,-2.47,0.22,-0.96,0.32,11.7646,10.2082,8.2414,7.6413,4.8732,5.1037,6.1175,7.1483,5.5241,3.1091,5.661,1.7213,2.8866,4.6168,2.5388,3.7335,1.5415,2.2649,3.6498,0.4076,3.8,3.1463,3.2577,1.6223,0.2472
196710,-3.09,0.46,-3.39,0.81,-2.57,0.39,1.8018,-4.1665,-1.6472,-1.4905,-2.6636,-0.7706,-2.35,0.8625,-3.061,-5.0654,-3.5044,-1.0823,-3.6131,-3.0467,-2.4311,-4.4791,-5.4962,-5.2467,-2.6744,-5.2857,-0.2537,-4.0214,-2.6988,-6.1454,-6.5113
196711,0.37,-0.05,-1.71,1.29,-2.29,0.36,-1.0996,3.8612,-1.2548,-1.3378,-1.1192,1.0889,0.6125,2.9155,-0.0186,0.1165,2.6918,0.8272,0.7324,-0.3624,-0.7424,3.4448,0.3703,-0.1674,-0.0031,-0.6812,1.32,0.2806,0.1767,-0.5451,0.0559
196712,3.05,5.76,-0.39,-0.65,0.04,0.33,13.1287,10.4477,8.5964,9.5442,10.1156,12.4045,6.4006,9.0703,7.3106,9.125,7.7035,5.6646,5.4538,5.1231,7.4425,1.3426,2.7476,4.6684,4.6825,3.709,1.9513,3.0452,2.2363,5.5944,2.7927
196801,-4.06,4.48,4.75,-4.58,6.45,0.4,3.1407,2.3206,3.2516,3.3436,5.9703,-4.5761,-1.9196,-0.4451,1.1395,2.6246,-6.8746,-0.703,-0.7495,-0.6193,2.7128,-7.9332,0.1611,-2.8567,0.1027,-0.425,-6.2775,-5.8491,0.5939,-2.2794,-3.855
196802,-3.75,-2.92,1.17,-0.14,2.48,0.39,-10.1,-7.1171,-5.3246,-6.9681,-5.6171,-6.9186,-6.3106,-8.8008,-3.5935,-5.6686,-6.9043,-3.9291,-2.9957,-2.3938,-4.5834,-5.4143,-3.4605,-2.7903,-5.2426,-3.8256,-3.0151,-2.2141,-2.0767,-3.2545,-1.8996
196803,0.2,-1.52,-0.59,1.17,-1.15,0.38,-1.5197,0.0232,-0.3408,-2.0353,-0.0808,-0.386,-1.9529,-0.0514,-1.2807,-0.6398,1.9985,-0.4008,-2.4207,0.8087,-0.2267,0.4924,-0.1914,-1.2109,0.2816,-0.2883,3.0891,-1.3752,-0.3272,-1.7868,2.0264
196804,9.05,6.25,-1.03,2.79,-3.66,0.43,21.5666,17.4982,16.2498,16.4295,15.7733,18.9887,12.9114,17.9531,11.9895,12.7965,16.1637,12.1024,8.3798,10.2172,18.0481,12.6664,7.3196,8.309,13.0055,11.6528,10.7421,7.3968,3.3058,9.4085,10.5079
196805,2.28,7.02,0.84,0.39,-1.85,0.45,10.7482,12.4771,10.6645,12.0171,11.7637,11.9163,7.9911,8.4496,7.3113,7.2448,8.7985,4.7084,4.8387,5.0905,6.9574,4.5846,4.6463,3.0181,2.7047,6.1608,2.2627,1.2638,-0.8041,-0.9839,4.6471
196806,0.69,-0.28,0.67,-1.33,2.65,0.43,-1.084,0.1315,1.6821,1.7411,0.1484,-1.1427,1.8703,-1.5643,1.7963,0.2819,-2.0214,3.3803,3.4887,1.6929,1.4674,-0.0312,4.0097,3.9297,2.7757,-2.1339,-0.0783,0.6179,4.1751,3.1761,-1.5962
196807,-2.72,-1.32,5.48,-2.97,3.59,0.48,-4.8989,-4.5797,-3.7324,-1.5152,0.8688,-8.8661,-3.9716,-2.2381,-0.0429,-0.2864,-5.7496,-3.8787,-3.5752,-0.9185,-0.1877,-5.5251,-3.6825,-4.1357,-1.3642,-2.2117,-5.2814,-0.9731,2.2888,0.928,1.1425
196808,1.34,2.29,1,-0.66,0.42,0.42,4.5358,5.7899,4.8567,4.0979,4.7684,1.5708,3.3793,3.8146,1.2756,7.0846,3.1169,3.3219,2.7778,2.5291,4.959,1.6918,1.2835,1.9543,2.1697,3.0816,1.103,0.6809,1.7895,1.6543,2.8958
196809,4.03,2.78,0.24,-2,0.89,0.43,7.1571,8.4775,6.9346,5.9413,6.2607,7.0893,6.1265,7.1712,6.181,6.2715,7.1396,6.7986,3.3927,6.0255,6.3787,6.9308,6.0995,4.7209,6.7984,5.9042,2.0355,5.2998,2.315,4.2542,8.3027
196810,0.42,-0.42,2.89,-1.35,2.79,0.44,-2.0509,-0.0284,1.4029,0.6471,1.6519,-0.3053,0.775,1.8289,2.3727,0.948,-0.0979,2.5536,3.1274,2.5558,0.8152,-0.1166,0.5221,2.4105,0.7953,2.6068,-1.7441,2.1418,1.8832,3.7535,1.1467
196811,5.43,2.4,-0.9,0.49,-2.5,0.42,6.7527,7.7,6.4961,6.5934,6.9625,10.0842,9.0626,8.3338,8.9307,5.8823,8.4636,7.1643,7.9646,9.7545,7.7339,6.9554,7.7781,7.3314,7.2179,8.3577,6.2652,3.0015,5.7139,4.537,3.8015
196812,-3.94,3.58,0.02,-1.73,1.66,0.43,4.0713,2.3431,0.6897,-0.2465,0.5304,-0.1048,0.5679,-1.4457,-3.0443,-3.5367,-2.6565,-4.0087,-1.3347,0.2336,-2.8746,-4.0227,-4.3659,-4.2761,-1.4502,-0.641,-5.3369,-4.4008,-3.157,-3.461,-3.0284
196901,-1.25,-0.46,1.69,-1.56,1.38,0.53,-0.5288,-2.1183,-1.9265,-1.3137,-1.3131,-2.6921,-0.9995,-1.5233,1.2578,0.6382,-3.3241,-1.1184,-0.5219,-1.1641,-1.2081,-2.1842,0.1465,0.0071,-0.2821,1.2718,-2.1518,-0.4327,0.8018,-0.3636,1.6207
196902,-5.84,-4.12,0.9,2.14,0.79,0.46,-12.3778,-10.726,-9.0526,-8.6709,-8.7759,-11.0517,-8.1595,-4.9194,-7.1111,-7.4439,-9.1695,-8.4117,-6.076,-7.0594,-5.7926,-8.1691,-7.4832,-4.9699,-7.2058,-8.7325,-3.3489,-3.1052,-5.0873,-4.6013,-6.2234
196903,2.64,-0.39,-0.46,-1.31,-0.41,0.46,3.1292,2.4655,3.5593,4.1551,2.3585,4.2281,1.6875,2.1416,0.3812,5.4086,2.1036,2.6358,0.8656,2.5524,2.7419,4.647,-2.0836,2.4841,1.6877,3.5591,4.221,2.8972,3.7085,1.9452,4.9125
196904,1.46,-0.83,0.03,0.36,0.08,0.53,1.0512,-0.4918,0.9962,2.4926,0.0236,1.5504,1.1246,1.0608,-0.5481,4.6764,2.4349,0.1242,0.325,2.0859,0.4834,2.8737,2.3272,0.4506,-0.5986,1.7164,3.7241,1.1637,0.8682,3.0219,0.8245
196905,-0.1,-0.18,0.73,-0.92,1.51,0.48,1.0264,0.8101,1.0107,0.7894,0.4709,-1.9559,-1.6136,-0.9643,0.0683,0.4892,0.1268,0.2177,1.3272,1.4863,-1.8921,-0.1717,-0.7197,1.2997,1.1946,-2.4691,-0.4876,0.5525,0.9661,1.4482,0.6341
196906,-7.18,-5.5,-1.09,4.27,-1.53,0.51,-14.6433,-12.9202,-13.4579,-12.5925,-12.2861,-12.1776,-11.0698,-9.1469,-10.0546,-10.9428,-10.4639,-9.4864,-11.1956,-9.8437,-9.0532,-7.0806,-8.8078,-7.2027,-8.5142,-8.4162,-1.5913,-6.822,-7.4524,-6.6619,-8.4542
196907,-7,-3.38,1.42,1.33,1.97,0.53,-13.0112,-11.4923,-10.9494,-10.3476,-7.9059,-10.7577,-10.0067,-8.4613,-6.5446,-8.3724,-10.1667,-10.2235,-6.3682,-6.0668,-7.759,-6.6259,-8.1243,-7.0042,-5.593,-8.0218,-4.0686,-5.9718,-6.3733,-8.1581,-5.6221
196908,4.68,0.72,-3.87,1.16,-4.08,0.5,5.1291,4.8422,5.046,3.212,2.7246,7.15,6.8276,4.1137,3.2749,2.6711,9.7387,8.6584,6.9894,2.5204,5.7506,9.9212,5.4307,4.5749,3.4633,2.8016,7.0342,4.7007,3.8089,4.4301,1.9329
196909,-2.98,1.3,-3.19,3.35,-0.83,0.62,-2.9798,-5.0279,-5.0658,-2.2643,-3.4794,1.6381,-1.0377,-1.821,-0.8409,-1.4154,0.308,0.0786,-1.6725,-2.1209,-3.5914,0.5861,-1.4474,-2.3818,-3.2435,-3.4427,-0.4799,-2.2752,-2.4328,-5.6853,-4.5823
196910,5.06,3.89,-3.19,0.04,-2.03,0.6,14.1186,12.4213,9.2518,7.9577,6.3916,11.2421,8.5797,6.6762,6.1162,6.9707,8.7864,6.934,7.2505,8.7271,7.0079,8.9522,7.2761,8.2929,6.2379,5.3617,5.9601,5.1747,4.5128,2.2019,3.7667
196911,-3.79,-2.41,-1.12,1.5,0.32,0.52,-8.4435,-7.2131,-6.2001,-5.9873,-7.3597,-3.4938,-5.5421,-3.3531,-5.2777,-5.3212,-4.6659,-4.589,-6.5034,-3.6143,-5.6919,-2.1263,-3.8649,-3.2492,-5.2749,-5.9771,-1.4025,-3.697,-3.7597,-4.5154,-1.9489
196912,-2.63,-3.69,-3.02,2.41,-2.04,0.64,-8.2171,-7.39,-5.9485,-8.272,-8.5302,-4.1432,-6.2187,-7.2926,-6.0291,-6.0323,-2.9038,-1.7471,-4.2232,-4.6484,-5.0575,0.4296,-4.2853,-1.915,-1.9081,-4.0928,0.977,-1.4689,-1.4903,-1.805,-5.2323
197001,-8.1,3.08,3.04,-1.77,3.92,0.6,-4.7848,-3.4122,-3.8976,-2.4807,0.1067,-6.9194,-6.9281,-1.7945,-3.8827,-1.7957,-9.699,-6.1508,-7.881,-3.952,-3.5088,-7.9422,-11.387,-7.713,-6.1442,-5.8915,-8.4892,-6.8116,-8.2065,-9.6678,-4.2748
197002,5.13,-2.56,4.04,-2.21,3.06,0.62,2.2377,3.431,4.1602,3.119,4.1837,2.7196,2.5239,2.4885,8.433,7.0575,3.8189,2.202,5.7334,5.5239,7.5044,4.2972,4.892,6.4879,8.9545,6.9221,3.5393,5.1141,9.0932,6.8986,8.1662
197003,-1.06,-2.4,4.25,-0.96,4.43,0.57,-6.519,-5.2447,-2.5889,0.3368,-1.3183,-5.875,-2.2697,-0.1566,-0.1572,0.6892,-3.8995,-0.5679,-1.2098,1.5576,1.1189,-4.1747,0.177,1.5355,0.6978,2.2327,-2.4577,-0.1725,2.8517,0.6363,1.6308
197004,-11,-6.29,6.39,-0.65,5.88,0.5,-24.1377,-18.8457,-15.1103,-12.8566,-11.9526,-22.1697,-17.0233,-14.7365,-11.0724,-11.1614,-20.2977,-14.2844,-13.3038,-8.9397,-10.9012,-15.7085,-14.916,-9.7354,-9.7936,-9.362,-10.5209,-8.2743,-8.9741,-6.991,-7.9814
197005,-6.92,-4.41,3.6,-1.28,3.62,0.53,-10.2007,-10.1552,-9.1963,-8.0972,-10.4477,-13.0001,-8.2296,-11.2348,-8.1805,-8.16,-11.0971,-10.8065,-12.8587,-6.6485,-7.7774,-11.005,-9.6814,-7.7058,-7.1513,-8.272,-8.0959,-6.0817,-5.0606,-0.0469,-4.022
197006,-5.79,-2.17,0.87,0.17,2.9,0.58,-12.1295,-8.6804,-7.3519,-8.2022,-5.9918,-10.4731,-7.306,-8.1651,-7.0657,-6.061,-8.312,-4.5913,-7.1789,-4.8112,-6.8678,-2.5091,-5.1625,-3.6757,-3.4046,-10.6583,-6.2626,-4.0774,-3.6599,-2.0587,-8.1687
197007,6.93,-0.68,0.96,-0.07,1.9,0.52,4.8193,5.6001,5.1083,6.462,3.8386,6.6983,7.6115,5.6098,10.6859,7.8015,7.6816,6.8066,9.996,5.5331,7.1924,6.4111,9.3749,8.0451,9.0704,11.2523,4.3922,8.2119,8.9815,10.6908,6.1429
197008,4.49,1.55,1.03,0.57,-0.15,0.53,5.6018,6.4504,7.1439,6.7746,6.3099,9.6727,9.1103,5.7632,7.6604,4.5388,5.8445,7.9213,5.7464,6.0189,7.7959,4.4558,8.2145,4.0252,5.3546,6.7357,3.9889,5.1738,4.4127,4.8861,6.1977
197009,4.18,8.49,-5.58,0.2,-5.93,0.54,22.1533,16.5351,15.6429,11.5915,11.6226,17.92,18.8145,9.7523,6.8438,9.5981,15.3194,9.8387,9.2255,5.1491,6.0802,9.6204,6.1701,4.8124,3.876,8.0408,7.1793,0.3232,-0.3073,0.3133,4.3883
197010,-2.28,-4.51,0.27,1.76,2.38,0.46,-11.1332,-7.4491,-11.2927,-6.517,-4.9597,-4.5085,-8.6941,-6.0484,-3.5733,-4.412,-5.9776,-4.256,-6.2362,-2.8849,-4.6272,-2.5379,-3.4943,-3.2843,-3.4431,-6.1944,-0.0834,-0.9626,-3.3595,0.0515,-3.7701
197011,4.59,-4,1.63,1.76,1.59,0.46,-4.7154,-2.1189,-2.0878,0.3752,0.2121,0.7623,1.3604,3.061,5.5599,3.8469,2.9872,3.0673,4.6339,4.97,1.9634,4.8071,3.0624,6.1615,8.4037,4.8136,5.1627,6.7696,5.2181,5.8573,5.6782
197012,5.72,3.04,1.01,0.14,0.28,0.42,6.9806,7.325,10.4416,11.5793,10.7042,8.6209,8.6818,8.2086,9.3818,9.6823,6.3513,9.6146,10.9605,8.0681,9.0554,6.0601,10.5931,8.4147,10.0367,7.608,4.6849,5.7842,7.4988,5.0622,6.912
197101,4.84,7.54,1.38,-2.15,-0.14,0.38,15.265,13.7848,16.3131,14.118,15.9153,7.7123,12.0832,12.7996,10.8951,13.0817,8.1804,8.8541,10.9272,8.1115,8.6798,5.3424,7.0897,5.0445,8.6475,13.9973,4.0971,4.3072,3.2817,3.0056,4.0309
197102,1.41,2.05,-1.29,0.53,-0.72,0.33,8.0016,7.4662,6.0985,3.3183,4.0546,4.2692,2.8002,2.6141,1.5049,0.8875,4.1106,1.9429,2.4363,1.2036,1.8391,3.6853,2.8763,0.2732,3.2431,1.2121,2.3371,0.3526,0.6688,0.4805,1.2515
197103,4.13,2.15,-4.04,2,-2.69,0.3,8.3387,4.6303,7.8614,6.4925,5.0614,7.8649,6.7125,5.8242,4.206,1.3875,10.4679,9.2967,3.8216,2.9848,4.6816,6.7906,6.1755,4.6939,2.3501,3.5129,5.8573,2.9002,4.8457,1.4359,2.5005
197104,3.15,-0.36,0.72,-1.57,0.72,0.28,0.7751,3.2558,2.2398,2.7385,1.8374,1.9512,2.8004,2.2508,3.6028,7.0302,6.1768,4.7265,4.4249,2.6042,8.0518,3.0384,3.0717,1.9524,4.1438,9.1729,3.6288,5.6615,0.6443,2.6168,6.1543
197105,-3.98,-1.16,-1.38,1.4,0.3,0.29,-6.6005,-5.0951,-7.3446,-4.9587,-6.5751,-3.3843,-5.939,-4.7815,-4.5452,-4.4678,-4.5223,-2.5645,-4.7629,-3.9181,-3.0999,-2.1565,-3.4069,-4.1169,-3.145,-4.3719,-2.4319,-4.3527,-4.1733,-5.0191,-3.6535
197106,-0.1,-1.44,-2.06,1.54,-1.74,0.37,-0.422,-3.5857,-2.2913,-1.2437,-2.1789,3.6934,-1.603,0.3284,-2.113,-3.3626,-1.7361,1.743,-1.4582,-1.886,-2.492,1.2396,1.0376,2.4249,0.5801,-3.9426,1.2369,-0.8531,-0.2782,0.8516,-0.2821
197107,-4.5,-1.42,0.17,0.5,1.62,0.4,-8.6193,-8.0617,-7.2468,-6.0359,-5.9248,-6.4101,-4.7229,-3.456,-6.4962,-5.7433,-8.0235,-4.49,-3.2766,-5.8132,-4.687,-3.6115,-4.194,-3.7903,-4.245,-7.6081,-3.9818,-3.9036,-3.47,-3.2955,-5.4874
197108,3.79,-0.18,2.67,-0.34,2.6,0.47,3.2904,4.3823,2.8097,4.5556,5.6658,4.0763,7.0717,3.2397,6.1513,7.789,6.5548,5.0149,1.9193,7.4981,8.9974,7.0205,4.2863,2.2887,3.2849,10.5583,5.4018,4.6593,-1.4296,1.9692,13.5874
197109,-0.85,0.19,-2.96,2.64,-1.56,0.37,1.2092,2.0897,-0.1227,-0.6269,-2.4154,2.1,-1.1794,-2.0313,-1.7237,-2.8304,1.1319,0.3323,-0.6776,-1.3321,-2.9794,1.8795,-0.9544,-0.3164,-0.3825,-4.4393,0.3387,-1.1075,-1.2776,-1.4516,-2.1494
197110,-4.42,-1.66,-0.43,1.48,-1.24,0.37,-7.859,-6.7823,-7.0876,-4.4492,-7.2847,-5.9569,-5.3177,-3.0833,-4.3483,-6.6553,-7.99,-6.411,-3.1751,-4.6882,-5.2486,-3.3647,-3.2479,-2.0563,-5.715,-5.8661,-3.4926,-5.231,-3.63,-2.7068,-4.0156
197111,-0.46,-2.9,-1.7,2.4,-0.36,0.37,-3.2672,-5.7882,-3.7562,-4.3925,-5.5661,-1.8937,-2.1995,-1.6622,-2.4273,-2.7362,-1.9211,-1.2485,-0.5797,-4.1878,-4.7168,0.3349,-1.879,-2.713,0.5239,-4.3881,1.1001,1.0482,-0.1322,-0.5533,0.2834
197112,8.71,3.29,-0.35,-0.38,-1.83,0.37,14.4857,14.2443,10.7367,11.7826,13.3978,13.0665,14.0792,12.8952,10.8785,12.6507,14.1162,9.6104,10.1743,11.934,12.3823,12.3215,9.9052,8.7801,8.3569,12.461,8.4533,9.3147,8.8809,6.9302,8.9392
197201,2.49,6.33,1.99,-1.49,0.29,0.29,13.2243,13.3839,11.8551,10.8438,14.8231,9.3967,6.4271,5.4412,6.8567,11.0324,6.0628,4.0032,2.8965,5.8725,8.4751,3.134,1.9438,1.2159,3.0968,8.265,2.7529,0.5406,-0.7284,0.8187,6.383
197202,2.87,0.97,-2.76,1.74,-0.52,0.25,3.0288,5.4772,4.1598,4.223,3.5288,5.0846,4.4007,4.4269,1.6839,4.1196,6.8812,4.0299,2.0493,-0.5206,1.9588,5.4574,1.8077,0.0202,2.1309,0.388,4.6021,2.2469,1.2569,0.373,0.064
197203,0.63,-0.49,-1.73,1.58,-0.19,0.27,2.9574,0.1033,-1.9318,-1.5705,-0.4498,1.8952,1.7883,-0.8489,-0.3152,-1.5953,2.4413,1.2481,2.1304,0.3312,-1.7522,0.8273,-0.2286,2.7861,1.8853,0.8433,2.5899,0.9958,-3.8171,-1.9027,2.8601
197204,0.29,0.15,0.23,-0.58,-0.89,0.29,-1.2312,0.1863,-1.0711,1.3021,1.1047,-0.3021,0.8416,1.9206,1.8755,1.6854,1.5955,-0.6533,-0.0653,0.5054,0.1818,-0.9256,-0.7039,-0.3518,1.2618,3.5647,0.8988,1.5791,-0.2724,0.1594,-1.088
197205,1.25,-3.14,-2.69,2.3,-1.85,0.3,-1.574,-1.902,-4.1382,-2.2623,-2.242,-0.4999,-1.6408,-1.8829,-3.3741,-1.454,1.2148,-1.8099,0.9868,-1.1605,-3.4503,3.7084,-1.4808,-1.3345,-0.0409,0.4975,3.3767,-0.5376,3.1822,1.003,-2.6657
197206,-2.43,-0.37,-2.51,1.74,-0.36,0.29,-4.2146,-4.6749,-3.3241,-3.1462,-3.7598,-4.4179,-2.0794,-1.3567,-1.4561,0.7754,-0.1086,-1.8731,-4.0504,-4.4347,-5.8427,-4.0661,-1.8151,-2.0477,-4.643,-7.7827,-0.6541,-3.2331,-2.76,-2.3387,-6.6736
197207,-0.8,-2.74,0.78,1,-0.59,0.31,-7.1083,-5.0697,-3.9663,-3.4496,-2.7841,-5.2662,-4.8438,-3.2931,-1.7204,-3.9096,-3.2477,-1.4751,-3.0768,-0.6473,-1.0169,-3.5083,-4.0562,-2.0701,0.0069,-2.0854,1.6293,-1.2429,0.1492,-1.2729,-1.6451
197208,3.26,-3.53,4.69,-2.08,2.95,0.29,-1.6386,-2.463,0.4747,-0.047,2.2304,-0.5222,-1.6713,2.3176,1.458,4.9897,0.3034,2.0877,2.8763,5.3939,4.1215,-0.0258,2.8998,4.9341,5.2415,7.068,0.664,6.8372,7.1393,8.9955,6.1542
197209,-1.14,-2.25,0.47,1.59,-1.98,0.34,-4.9184,-4.8493,-4.7702,-3.699,-4.1984,-3.5157,-3.5498,-2.2165,-2.2407,-3.3148,-1.6826,-2.5299,-1.0278,-1.9631,-2.6219,-1.8884,-3.1267,-0.7059,-2.3718,-3.9988,0.2125,-1.734,-1.7358,1.9614,-3.754
197210,0.52,-2.53,1.37,-0.11,-0.05,0.4,-3.2705,-3.4744,-2.8225,-2.067,-1.928,-4.0425,-0.3182,1.3506,0.6992,-0.6545,-2.7181,-0.9541,1.3596,0.7255,0.3198,-1.5972,-0.5988,1.6455,2.3444,-0.9554,0.9864,1.0753,2.1505,2.3695,1.057
197211,4.6,-0.52,4.76,-1.98,3.35,0.37,-0.4577,4.2471,4.5199,5.9879,6.0429,4.4635,4.9164,7.2107,4.3425,7.7099,3.0239,4.2227,6.5957,7.5255,7.4313,6.6466,8.0087,6.5806,7.0591,11.0542,1.5477,6.6727,6.8689,8.0191,13.8047
197212,0.62,-1.82,-2.27,2.52,-2.2,0.37,-1.9083,-2.5267,-3.2776,-2.5243,-1.4525,-0.638,-2.7064,0.4054,-3.3763,-2.3314,1.0027,-0.41,-0.6704,-1.0676,-2.6231,0.5545,-1.0691,-1.1204,-1.4912,-4.4099,3.7105,-0.1227,-0.7422,0.0354,-2.6384
197301,-3.29,-2.8,2.68,0.3,0.92,0.44,-8.095,-4.5014,-3.2752,-3.5899,-1.3618,-10.6416,-5.5263,-6.8587,-2.9316,-5.8796,-7.4915,-7.5619,-5.9722,-3.6055,-4.9391,-6.4942,-7.2908,-5.8484,-3.4461,-4.2466,-1.546,-4.0219,-1.0017,0.6144,-4.3609
197302,-4.85,-4.02,1.7,-0.37,-0.01,0.41,-13.9399,-8.9493,-8.276,-8.1874,-6.0266,-14.0163,-7.9335,-7.7675,-5.6444,-5.5689,-10.9568,-8.3545,-7.4951,-3.1096,-7.2626,-8.4757,-7.4349,-4.6601,-3.6252,-2.0725,-2.1154,-3.1594,-4.8583,-5.8821,-3.3765
197303,-1.3,-2.32,2.78,-1.07,0.73,0.46,-6.7903,-4.1652,-2.7312,-0.9065,-1.8052,-4.9387,-2.5696,-2.2392,-2.2935,-0.153,-4.8994,-4.2398,-1.9479,-1.8353,-0.2074,-3.9415,-4.025,-1.6732,-2.3818,0.8214,-0.8559,-0.9978,1.8255,1.8775,1.5699
197304,-5.68,-3.01,5.69,-1.76,2.71,0.52,-11.773,-9.9498,-6.2525,-6.3719,-5.4006,-14.2898,-9.3109,-5.7118,-4.2591,-4.8823,-11.2325,-6.2923,-3.9136,-3.6767,-4.3036,-10.973,-8.1311,-2.9262,-2.8407,-4.6427,-5.9404,-3.3793,-2.1336,-0.6921,-2.7667
197305,-2.94,-5.98,0.21,2.03,-1.79,0.51,-11.06,-11.0985,-9.2077,-7.661,-8.3009,-11.1832,-9.3749,-7.7523,-6.2325,-9.0866,-9.1413,-8.4464,-4.5765,-2.7948,-7.3209,-7.1497,-7.3865,-2.3338,-2.5361,-4.5471,0.1849,-1.1661,-0.9022,-3.2685,-5.6095
197306,-1.56,-2.55,1.44,-0.33,0.22,0.51,-4.8488,-4.0558,-4.572,-2.9288,-2.3581,-6.9645,-4.0516,-2.6886,-2.235,-1.6033,-6.5218,-3.0551,-1.6211,-0.9393,-2.9258,-4.6602,-3.8809,-3.0835,-0.9388,-3.7299,-0.379,-0.3555,0.7119,-0.6893,-2.0291
197307,5.05,7.28,-5.31,-0.02,-3.45,0.64,18.8909,16.0876,11.9724,13.4686,10.4146,22.0069,13.41,11.1516,6.8423,9.8991,19.3952,9.7057,7.0282,2.136,7.7097,15.2975,9.0437,6.9644,3.0588,8.9159,5.4012,5.4572,-0.1794,1.9957,4.2202
197308,-3.82,-1.73,1.14,-1.36,1.2,0.7,-5.4962,-6.7877,-5.8183,-5.8733,-4.5135,-3.1255,-6.9885,-4.8099,-5.0746,-3.9994,-3.0109,-4.251,-4.1312,-2.4668,-0.7749,-2.6441,-0.8146,-2.1048,-3.0974,-0.1108,-3.5474,-2.4332,-3.6972,-2.3787,0.7817
197309,4.75,3.54,2.18,-2.32,1.82,0.68,11.9054,11.4673,6.7503,7.8248,7.0303,10.9799,11.0725,11.546,7.0591,10.257,11.2477,10.1175,10.0697,8.8722,10.4922,9.9207,11.699,11.5886,9.7744,10.5181,-0.1193,7.7678,8.7167,8.5755,8.2683
197310,-0.83,-0.29,1.74,-1.76,2.59,0.65,-2.8121,0.5383,1.0526,0.2967,1.2692,-3.0921,-3.3298,1.3692,1.1173,1.4504,-3.9385,2.56,0.488,-0.5315,1.3555,-2.6307,-1.0833,1.2824,-0.4283,1.7874,0.4563,-0.6963,0.2898,-3.011,2.5475
197311,-12.75,-7.25,4.04,-2.7,1.49,0.56,-24.9512,-21.5644,-18.9797,-16.7335,-18.0178,-23.4309,-20.335,-19.1332,-15.6671,-15.9422,-22.9105,-18.1826,-15.9361,-12.2006,-16.0841,-20.3185,-17.2834,-14.3695,-12.0881,-14.8757,-10.7072,-12.7209,-10.7978,-6.3256,-8.2484
197312,0.61,-4.61,4.09,-2.73,2.3,0.64,-3.7318,-4.6435,-3.8024,-2.9114,-4.2017,-0.3993,-4.7396,-0.673,-1.2989,-0.8865,-1.4226,0.7472,0.665,0.6016,2.3633,0.1321,3.1593,6.7241,2.8845,6.5777,-2.0518,0.875,7.2419,5.0292,11.1342
197401,-0.17,10.41,5.99,-3.15,4.47,0.63,10.2564,14.3733,14.8456,12.7882,18.9135,4.4891,11.5033,9.2613,10.6806,13.4621,5.2388,4.3929,8.5097,7.665,11.5617,-1.6398,2.1104,2.9239,7.73,5.4814,-2.0148,0.6397,-2.8911,0.7426,-0.0824
197402,-0.47,0.17,2.54,-1.97,2.67,0.58,-0.4327,-0.8116,-0.1771,-0.1933,1.1126,0.3791,1.2544,1.1686,1.8324,4.1294,-2.6032,0.1017,1.5936,0.4831,2.336,-2.3521,0.6862,2.4059,1.8132,3.4912,-1.348,1.8056,-0.9469,2.8152,3.8127
197403,-2.81,2.63,-0.11,2.79,0.36,0.56,0.2547,-0.8294,0.5101,1.424,1.9177,-1.6273,2.2277,-1.626,-0.9799,0.6495,-1.8103,-0.8813,-3.1134,-1.5571,-1.0048,-2.5654,-3.5646,-4.7338,-2.9281,-2.233,-1.5556,-3.5372,-2.3255,-3.481,-4.7587
197404,-5.29,-0.62,1.06,2.88,1.85,0.75,-4.6938,-5.9535,-5.0726,-5.4536,-4.0188,-8.2904,-6.3536,-5.6877,-3.9691,-3.3809,-6.1983,-7.2098,-4.4076,-5.9237,-2.3637,-6.971,-6.8635,-5.9695,-6.6776,-1.6042,-3.0502,-4.2441,-5.0152,-6.0677,-5.4214
197405,-4.68,-3.16,-2.04,4.99,0,0.75,-8.148,-7.437,-8.1869,-6.9097,-6.0333,-6.5461,-7.5709,-7.693,-7.115,-7.5688,-7.0539,-9.4032,-6.6911,-7.0402,-8.2956,-6.3009,-8.8206,-5.3673,-6.0191,-7.232,-0.3819,-3.5371,-5.6041,-3.327,-7.8042
197406,-2.83,-0.02,0.79,0.67,3.06,0.6,-3.6129,-3.4239,-2.2222,-2.299,-1.4846,-3.7631,-3.1337,-2.7029,-0.5559,-0.476,-4.5243,-2.6598,-3.4521,-4.4023,-0.4608,-2.4341,-3.5981,-2.8009,-4.6133,-4.4313,-1.4878,-2.7332,-1.8008,-2.1211,1.5699
197407,-8.05,2,5.14,-3.43,4.58,0.7,-8.5456,-5.5625,-5.1822,-4.6132,-3.9571,-7.2553,-3.8593,-4.1338,-3.7251,-2.7829,-6.7227,-2.5965,-2.1291,-3.1338,0.9727,-8.7236,-5.9336,-2.3244,-0.8681,-0.797,-10.9922,-4.1501,-3.6979,-4.1023,-5.1037
197408,-9.35,0.32,2.5,-0.24,2.55,0.6,-9.2344,-8.2372,-7.5534,-7.522,-7.0445,-9.6909,-11.0387,-6.3746,-7.803,-5.4609,-10.9991,-10.2247,-6.6789,-6.9036,-6.8741,-11.7515,-8.7946,-8.3276,-6.7075,-6.1601,-9.9553,-7.629,-4.514,-7.7518,-8.6429
197409,-11.77,1.44,5.49,-4.33,5.91,0.81,-13.4592,-8.3223,-6.8005,-6.9356,-8.4589,-12.0908,-7.0373,-8.1147,-7.6102,-7.1827,-13.041,-8.8581,-6.8666,-4.6389,-6.4537,-11.7792,-7.1297,-4.9879,-6.337,-8.1215,-14.7521,-9.8505,-4.8522,-5.1296,-6.6263
197410,16.1,-6.85,-9.99,-0.16,-2.94,0.51,16.9598,7.1642,6.9585,7.8464,8.8335,16.0347,10.7417,7.542,7.6498,6.4591,18.6379,10.755,7.0551,8.5552,10.1929,21.3468,13.0646,11.5334,9.6551,10.3515,22.3391,13.9332,13.3998,10.5845,1.3135
197411,-4.51,-1.46,-0.16,-3.48,2.95,0.54,-6.0607,-5.5491,-5.0221,-5.22,-6.805,-5.2583,-4.5728,-3.8925,-5.2096,-6.9178,-4.4203,-4.0662,-2.9763,-4.1514,-1.9392,-2.211,-0.4523,-1.3884,-3.8485,-6.5951,-4.6107,-3.2869,-4.1059,-2.3229,-4.1065
197412,-3.45,-4.37,0,-0.59,3.23,0.7,-7.1546,-8.0748,-7.3264,-7.4453,-9.3138,-6.2175,-6.1678,-5.9521,-6.7585,-5.7272,-5.6045,-4.3972,-4.1678,-5.0989,-7.2347,-4.3959,-2.4842,-4.0839,-1.9956,-9.6519,-3.7992,0.3563,1.4302,-1.0444,1.8779
197501,13.66,12.78,8.44,-0.69,-0.86,0.58,25.464,29.5017,28.1608,27.8439,33.8763,21.9158,26.1202,26.3358,27.5856,29.7109,19.0432,24.9656,21.9384,23.4015,29.2039,15.5163,20.4446,24.014,24.3605,27.8984,9.2216,13.8965,13.7987,19.7621,15.6642
197502,5.56,-0.63,-4.56,1.28,-2.14,0.43,7.7488,5.3314,3.2366,3.478,4.7729,9.0889,6.6232,1.5183,3.716,1.9936,7.3174,3.1793,2.833,4.7013,4.6562,6.4626,2.368,1.9104,3.2327,2.5341,9.6448,2.6481,3.7918,2.1077,-3.2435
197503,2.66,3.98,2.49,1.27,-1.25,0.41,8.9581,10.625,9.0279,7.8584,9.8831,6.3828,6.8249,7.1852,5.9316,8.2952,5.8779,6.8913,3.8114,7.297,5.3194,5.971,6.4925,5.3465,5.3724,4.2132,2.689,1.696,-1.2179,6.1963,6.1513
197504,4.23,-0.59,-1.11,1.65,-1.35,0.44,7.1189,6.3666,4.1667,2.9125,2.9486,6.4481,3.9597,2.7317,1.3665,4.1679,5.4491,5.291,4.9523,3.8622,3.2777,6.8986,3.1637,2.5072,6.0938,4.5109,5.6133,4.758,0.9027,5.2961,5.0217
197505,5.19,2.9,-4.02,-0.78,-0.61,0.44,11.656,11.1152,8.4346,7.744,6.7753,11.8185,7.7693,7.1212,7.8658,7.8299,5.3811,8.128,4.3232,8.2409,1.2443,7.6429,5.9242,5.4596,4.1419,5.2503,4.9949,8.587,4.7078,-0.2691,0.9556
197506,4.83,1.31,1.32,-2.84,1.06,0.41,5.7419,7.6996,7.4919,8.9699,8.0586,9.7599,7.1043,6.7758,8.4582,2.8498,5.7204,5.1319,7.1956,6.029,4.7438,5.2736,7.899,7.1001,10.5729,8.1601,3.5594,7.1225,4.8435,6.752,7.4251
197507,-6.59,3.43,1.7,0.51,1.19,0.48,-1.5081,0.2403,-1.6404,-0.3158,-0.5791,-3.2466,-3.3518,-2.3528,-3.737,-4.0897,-5.2392,-3.4062,-3.5883,-3.818,-5.9723,-7.2952,-6.4003,-4.4571,-4.2823,-6.8383,-8.1481,-4.172,-4.4879,-5.6733,-1.5548
197508,-2.85,-2.8,-0.9,1.03,-0.89,0.48,-7.0396,-6.4153,-4.9115,-5.3609,-7.6232,-4.4232,-4.0565,-5.2499,-4.1697,-8.3446,-4.0071,-3.3355,-3.4555,-4.2184,-5.6436,-4.5264,-3.5093,-2.7349,-2.4411,-0.6946,-2.0153,-1.8045,-1.8058,2.2451,-4.4637
197509,-4.26,0.01,0.34,0.62,0.5,0.53,-5.3367,-2.3941,-3.3878,-2.9494,-3.9365,-3.3434,-4.0051,-3.5104,-3.3065,-4.9418,-5.297,-2.8375,-3.9002,-4.0254,-4.028,-4.3998,-3.1586,-3.6371,-3.4298,-4.4543,-4.5286,-1.3177,-2.3715,-4.316,-5.3542
197510,5.31,-4.21,0.3,-0.52,2.27,0.56,1.501,1.4067,2.7206,2.7518,0.9865,2.1275,4.1319,1.5415,3.6722,4.8926,2.0254,3.8641,3.6007,5.0908,0.3741,5.6482,5.8909,6.9557,5.2264,6.9269,7.1756,5.6507,4.443,6.6968,3.9012
197511,2.64,-1.06,1.99,-0.65,1.71,0.41,0.0907,2.0259,2.0037,2.4611,3.6779,-0.0012,3.3033,1.9709,4.3198,3.8934,2.0053,2.8905,4.6924,4.207,1.1015,3,3.8446,3.6644,7.7666,6.0417,3.3425,2.2177,3.085,2.8423,4.68
197512,-1.6,-0.03,1.76,-0.17,0.6,0.48,-0.9134,-1.3296,-1.1326,-0.9797,-1.381,-2.6645,-1.3737,0.6854,-0.747,-2.0756,-0.962,-0.7568,0.6889,-0.3445,3.0623,-2.0935,0.7885,0.0133,-0.3933,-0.777,-2.6661,0.8819,0.296,0.6131,5.2476
197601,12.16,6.35,8.58,-2.04,2.36,0.47,15.866,16.9289,21.3409,22.4443,26.9557,12.8741,16.7156,16.6975,21.2379,26.7663,16.2131,15.0745,16.9442,18.5626,22.2819,12.777,13.4336,16.3522,18.8342,22.5965,11.0322,9.4908,13.9493,17.2713,15.1633
197602,0.32,7.95,5.78,-2.59,3.84,0.34,9.8363,7.4578,10.3737,12.387,15.8495,7.5969,6.286,7.3042,8.3371,11.5492,3.9933,3.7608,5.4815,7.3098,13.2638,0.5082,3.2368,4.2814,5.3936,3.9373,-2.3126,1.4027,-0.887,-0.8122,9.4385
197603,2.32,-1.36,-0.04,-0.39,1.09,0.4,3.5633,2.2723,2.0693,0.7488,1.5163,1.2497,0.6151,0.2711,1.2057,2.3152,0.8879,0.8679,1.9009,2.1228,1.9401,1.1057,2.2633,1.1314,1.4856,6.7991,2.9631,3.5983,3.4209,2.6586,-1.0107
197604,-1.49,0.13,-0.06,0.37,-1.1,0.42,-1.4484,-0.7888,-2.7689,-1.1274,-1.6569,-0.9731,-1.7179,-0.7712,-0.8243,-1.5803,-1.5325,0.0313,-0.5658,-1.1594,-0.4912,-1.4898,-1.3131,-0.6736,-2.1426,-3.7347,-2.2602,0.2984,1.8008,0.7118,1.1439
197605,-1.34,-1.12,-1.32,2.75,-1.42,0.37,-1.8226,-1.6871,-1.5343,-3.5382,-4.768,-0.9864,-1.9716,-0.6867,-2.6568,-4.3915,-1.7919,-1.3481,-1.635,-1.4622,-3.1009,-2.1803,-1.2166,-1.0074,-3.429,1.2323,-1.0609,0.5512,-0.8792,-2.1734,1.3821
197606,4.05,-1.13,0.68,-0.68,0.93,0.43,4.1824,2.2638,2.0831,3.1462,2.0364,2.3686,3.1476,3.6052,3.3525,6.2002,4.5587,5.2847,6.5871,4.5269,8.1334,4.239,4.9203,7.1692,7.972,3.9052,4.461,3.9825,5.6098,5.8956,2.9431
197607,-1.07,0.62,1.74,-1.08,0.29,0.47,-1.1215,-1.7815,0.766,-0.2923,1.1297,-0.9786,-0.1571,2.6658,0.229,1.444,-1.6264,-0.4698,0.4484,0.7734,0.1496,-1.66,0.6065,0.4592,1.5539,1.3865,-1.6182,0.1931,0.1824,-0.6611,2.6457
197608,-0.56,-2.03,0.79,-0.42,-0.59,0.42,-4.3283,-1.6341,-1.1832,-1.3991,-1.5681,-4.3169,-2.012,-2.6301,-1.0246,-1.5719,-2.7238,-1.2773,-1.0235,-0.2547,-4.0447,-2.71,0.4458,1.5602,-1.2198,0.4324,-0.17,0.4218,1.9478,-0.8988,1.0591
197609,2.07,0.1,-0.29,0.93,-1.14,0.44,2.2166,1.936,1.0262,2.1751,1.9507,4.1641,4.1664,2.7091,3.2604,2.0273,3.5426,2.6864,2.5796,2.808,0.8855,2.3539,2.165,2.8811,2.8765,1.3082,1.5701,4.3952,3.2579,3.9008,-0.6227
197610,-2.42,0.15,-0.13,-0.08,-0.31,0.41,-2.7953,-1.4573,-1.5775,-1.5445,-2.3464,-2.8364,-3.1136,-2.3092,-1.4,-1.1058,-3.2689,-0.0786,-1.5968,-1.0684,-3.6711,-2.3201,-1.5414,-1.1596,-1.6669,-2.946,-2.5131,-2.4987,-0.6479,-3.2859,-4.0107
197611,0.36,2.66,1.51,-1.32,0.08,0.4,5.7176,3.2119,1.9169,2.377,2.8016,3.1524,3.3553,2.7465,4.2058,5.096,3.7493,3.394,3.2523,4.3508,7.1002,4.3082,3.3279,3.2845,1.8766,1.6837,-1.6614,0.1367,2.0816,1.8358,4.3514
197612,5.65,3.6,2.22,-0.64,2.23,0.4,10.8366,9.4599,9.5469,10.9611,10.0321,9.1763,9.317,9.4946,9.5697,11.1847,5.8251,9.4725,8.7883,8.268,8.2755,6.141,6.9501,7.5036,9.4815,9.5148,3.9547,7.2916,5.607,7.7945,7.5952
197701,-4.05,5.9,4.26,-0.46,1.93,0.36,2.8441,4.429,2.6675,4.6181,5.7595,-0.2823,2.2357,-0.0653,2.0468,3.3028,-2.3234,-0.0976,1.0709,1.0725,0.6177,-4.4082,-2.6216,-2.5415,0.1456,1.6005,-7.7617,-3.3359,-0.9612,-1.774,-0.1505
197702,-1.94,1.12,0.5,-0.17,-0.19,0.35,-0.4796,-0.3571,-0.4664,-0.4116,0.4204,-1.6619,-1.1582,-0.3948,0.1096,-1.6029,-3.9895,-1.1484,-2.3539,0.3356,-3.5619,-3.0269,-1.9956,-2.041,-1.9089,-2.2099,-1.2471,-3.29,-0.804,-2.0809,-0.9339
197703,-1.37,1.28,1.02,-0.36,-0.09,0.38,0.072,0.3153,1.4863,1.4505,1.3217,0.381,-0.5601,1.3258,-0.3307,-0.5777,-0.0743,1.4212,-0.253,0.2481,0.3002,-1.862,0.2928,0.8227,0.565,4.9323,-1.5959,-1.823,-1.217,-0.9005,0.2214
197704,0.15,0.59,3.45,-2.01,1.16,0.38,1.2529,0.2464,1.8154,2.6564,2.526,1.1783,1.4244,1.202,2.3115,2.8713,0.4792,0.8116,1.9757,2.6179,2.2763,-0.4598,2.0438,2.5995,3.0755,2.7234,-2.2075,2.1642,1.3946,3.9955,5.9926
197705,-1.45,1.28,0.84,0.3,0.11,0.37,-1.77,-0.3535,0.4573,0.1058,1.3073,0.887,-1.1758,-0.6339,1.0238,-1.7813,-0.8616,0.2028,0.5535,0.6994,0.2936,-0.5012,-0.823,0.0161,-1.2715,-1.2979,-2.3957,-0.8257,0.6765,-1.9319,-3.0131
197706,4.71,2.07,-0.64,0.77,-1.22,0.4,5.8033,6.6386,7.0363,5.6679,7.2592,8.6324,6.0016,6.3555,6.046,8.5358,8.8387,6.3284,6.1339,4.6134,6.2836,6.2907,5.1249,4.8431,4.8131,6.1772,5.9968,3.9594,3.0468,4.969,1.992
197707,-1.69,1.82,-0.59,0.74,0.01,0.42,1.1746,0.9238,1.061,0.5978,1.1842,-1.2905,-0.0835,-0.6654,0.8857,0.2361,0.0314,-0.0065,-1.1341,-1.3275,-0.6418,-1.0429,-3.1571,-0.618,-1.1048,-4.3787,-1.1963,-2.7149,-0.8668,-0.0451,-4.873
197708,-1.75,0.87,-2.79,0.87,-0.62,0.44,1.0246,-0.344,-0.4193,-1.3299,-1.6725,0.6164,-0.8107,-1.5111,-0.9272,-1.4374,1.8584,-1.2328,-0.7776,-0.5444,-1.3649,-1.4281,-1.0783,-1.9445,-2.0751,-3.7553,1.1893,-3.5329,-2.8999,-4.8583,-4.2044
197709,-0.27,1.58,-0.49,1.18,-0.84,0.43,2.3053,2.3166,0.8558,1.8692,1.3647,1.3039,0.9864,1.7423,0.1592,-1.4283,2.1282,1.4778,1.1699,0.2921,0.2648,1.0066,0.087,0.748,0.4826,-1.0462,-0.8625,-0.8146,2.2043,0.4492,-0.1115
197710,-4.38,1.49,1.72,-0.07,-0.46,0.49,-4.5728,-2.6483,-2.1504,-1.2464,-2.1843,-5.253,-2.5688,-3.9663,0.181,-1.6182,-3.4263,-2.1149,-2.4245,-2.4716,-2.5558,-3.9822,-3.049,-2.9027,-3.9871,-4.8797,-4.4006,-4.1259,-5.0565,-2.4555,-3.5959
197711,4,3.62,0.31,0,0.65,0.5,9.5089,8.5915,8.255,6.5682,9.1239,8.3766,9.5039,8.8396,7.0477,8.2614,6.8294,7.6007,5.981,6.148,8.5862,7.2808,6.0438,5.5042,7.0831,7.1663,3.535,3.3069,3.0315,2.9133,4.6905
197712,0.27,1.61,-0.37,1.01,-0.65,0.49,4.7944,3.5325,2.6551,2.6689,1.7657,3.0596,1.9361,0.4873,0.5318,1.6271,1.5326,0.6843,1.7735,1.0321,1.1405,0.4441,0.8225,0.5996,-0.2495,-0.6029,0.0886,1.1144,1.1733,0.3896,1.3481
197801,-6.01,2.7,3.31,-1.51,1.53,0.49,-1.1776,-3.2786,-1.3733,-1.1305,0.2363,-5.359,-5.7229,-2.5249,-1.8511,-2.4221,-6.9276,-5.2511,-3.3298,-3.4964,-0.6268,-6.0495,-6.2084,-5.7644,-3.8803,-1.6951,-6.22,-7.2235,-5.3949,-4.9747,-2.9303
197802,-1.38,3.7,0.76,0.51,1.04,0.46,3.2715,3.1251,3.945,3.2762,3.5482,1.6988,1.5807,0.9929,2.2982,0.5483,0.5743,1.6821,0.5667,0.658,1.1946,-1.2389,-0.6167,-0.7048,1.0286,-2.2621,-3.0734,-1.5255,2.3916,-0.9833,-3.6242
197803,2.85,3.74,1.2,-0.54,1.88,0.53,8.3186,7.3469,7.979,6.8492,8.2054,6.0925,5.9211,7.5497,6.3096,7.6156,5.5059,5.7247,4.7932,4.7133,8.2756,4.9715,4.872,4.8708,4.4709,4.8519,1.1522,3.9532,3.0098,2.8707,3.3967
197804,7.88,-0.34,-3.54,2.59,-1.35,0.54,10.2561,8.9043,8.3537,7.2469,8.4131,10.0796,7.469,8.3748,7.2099,6.5555,10.0082,8.4746,7.7189,4.916,6.6776,8.6322,7.2967,5.3153,5.6351,8.5571,11.8524,8.5837,4.6699,5.0728,5.2775
197805,1.76,4.57,-0.62,0.34,0.36,0.51,8.4504,6.2232,8.8821,6.3567,8.0734,7.1131,7.516,4.8092,4.1691,5.4,6.3468,5.2966,5.3342,2.1675,3.8977,4.7176,3.8923,1.3077,2.4282,3.7529,1.3862,1.3629,-0.024,1.0508,1.9846
197806,-1.69,1.6,0.59,-1.3,-0.02,0.54,0.7769,0.9127,-0.1176,0.2093,0.2596,-1.2211,-2.7286,0.5748,3.3,-0.133,-0.7753,-0.9615,0.4305,0.9104,1.2291,-1.0602,-0.566,0.2057,0.1781,-0.6362,-1.1984,-3.0322,-1.9778,-1.7974,-0.8089
197807,5.11,0.16,-1.11,1.52,-0.78,0.56,6.6969,5.9678,5.9887,4.9988,4.7174,7.9774,5.8808,4.9851,5.9571,7.1185,6.6025,4.8647,4.5778,4.271,3.9669,6.2275,5.7869,6.5405,5.7157,10.1997,7.4523,4.8157,3.6486,4.4397,4.7714
197808,3.75,4.93,-0.46,1.39,0.42,0.56,9.8119,9.575,8.599,7.8085,10.2272,9.0319,7.1737,9.3452,7.1201,9.6188,7.9565,8.43,6.7671,4.8745,9.7732,7.7254,6.2168,4.1102,4.134,2.8685,2.5816,3.3834,4.3988,2.8217,0.1767
197809,-1.43,-0.32,1.87,-0.78,1.8,0.62,-0.9752,0.1146,-1.7056,-0.1618,0.2079,-1.8186,-1.3198,-1.61,0.4828,-1.767,-3.1866,-0.6971,-1.5083,-0.2939,-0.9108,-3.302,-2.2614,0.6275,-0.004,-1.2022,-3.2346,0.3462,1.9121,0.3346,0.9407
197810,-11.91,-10.05,1.36,0.22,1.03,0.68,-26.7095,-23.2942,-21.8535,-18.5047,-21.4348,-24.7601,-18.7505,-18.4209,-14.8606,-19.2451,-19.3687,-18.9015,-13.5608,-14.4329,-19.8552,-15.7458,-13.3829,-13.5012,-11.7634,-14.9806,-8.3288,-9.4588,-7.092,-9.231,-12.1532
197811,2.71,2.85,-2.22,1.2,-1.21,0.7,8.6923,7.4396,6.605,4.3822,4.3324,11.2704,5.605,4.2421,2.9332,6.154,7.3214,5.2561,3.7284,3.0847,3.3113,4.6296,2.666,3.2048,1.917,2.8042,2.4967,2.7918,3.7188,3.7306,2.6506
197812,0.88,1.08,-2.19,2.11,-1.38,0.78,3.5321,3.2618,2.5413,0.9277,0.6425,2.9867,3.2637,1.8462,2.5001,1.8446,2.9173,1.6576,0.4707,1.4421,3.2077,1.0843,1.5756,1.2315,0.8642,0.3007,3.5238,1.1487,0.4162,0.0881,-0.6188
197901,4.23,3.83,2.27,-2.4,1.57,0.77,9.9175,9.9849,8.6006,10.4564,11.8538,8.5963,8.3565,8.032,7.1648,10.3916,6.8225,7.1347,7.4343,7.066,9.6448,5.8379,5.3577,6.0976,8.5349,6.4149,2.2329,5.015,4.2032,5.345,7.7113
197902,-3.56,0.51,1.2,-1.1,1.04,0.73,-2.9123,-3.5267,-2.7429,-2.6749,-1.4231,-2.9804,-3.0562,-2.9639,-3.0789,-2.3815,-4.8055,-1.9194,-2.4436,-1.4015,-0.8788,-4.3175,-3.5448,-3.2857,-3.0843,-4.3925,-3.9997,-2.3355,-2.233,-1.8351,-2.9935
197903,5.68,3.11,-0.67,0.68,0.28,0.81,12.0233,9.5665,8.0019,7.1724,8.4639,12.4468,8.8497,8.6107,7.1957,8.2869,10.6008,9.3278,6.6976,8.9804,12.9366,7.5755,7.8264,7.2056,7.6833,9.8478,4.9295,6.3008,4.8341,6.1688,6.4913
197904,-0.06,2.38,1.05,1.19,0.21,0.8,3.1569,2.6978,2.2397,3.12,3.3988,1.6149,2.9876,2.4336,2.9545,2.0247,1.536,1.2483,2.1824,1.939,3.9132,1.9493,0.8974,1.2615,0.6747,1.6871,-0.0189,0.6143,-0.2129,1.4533,-0.9414
197905,-2.21,0.47,1.92,-0.99,-0.84,0.82,-2.7947,-0.7615,-1.8963,5.3463,-1.1185,-2.3338,-1.6473,-0.4618,-0.2783,-0.7213,-3.6513,-2.7182,-0.5554,0.529,-2.0991,-0.2862,-1.4912,-1.6379,-0.9953,-1.0181,-2.126,-0.8167,-1.3396,-1.7936,-1.3349
197906,3.85,0.98,1.48,-1.55,-0.45,0.81,6.0153,5.6796,5.0118,4.8045,5.3444,7.4665,5.7177,3.9517,5.6392,8.7978,3.6397,4.8933,5.7434,6.3863,6.8312,5.2455,7.2035,6.7392,7.4468,6.197,2.2332,4.9283,4.9105,6.5464,2.8405
197907,0.82,1.25,1.7,-0.34,0.59,0.77,2.2768,2.9199,2.3284,3.254,2.1023,1.9959,2.4655,3.4632,4.8833,3.632,3.1384,4.0051,4.2855,2.7803,5.0907,1.5343,3.4339,2.953,2.3139,3.1366,-0.4343,1.6724,1.5666,1.1876,3.6669
197908,5.53,1.97,-1.55,1.64,-1.45,0.77,8.933,9.0361,6.4465,6.898,8.0778,8.5575,8.5773,7.3764,6.458,7.2523,9.2578,7.9341,5.8737,5.416,6.5353,8.5649,6.0483,6.788,5.0887,7.8721,6.23,7.1477,4.3497,5.381,5.3039
197909,-0.82,-0.26,-0.87,0.71,0.54,0.83,-0.1091,-0.5072,-1.5836,-0.4263,-0.9743,0.708,0.6617,-2.2,-1.6399,-1.8003,1.2814,-0.0711,-1.3003,-3.0721,-1.5983,-0.4285,0.1142,-0.1191,-1.9901,-1.7109,-1.7647,0.7924,1.6686,0.8354,0.4915
197910,-8.1,-3.47,-1.86,0.84,0.24,0.87,-11.0393,-9.896,-11.1184,-9.5392,-11.5239,-8.9368,-10.4917,-11.589,-12.0558,-11.4903,-8.2029,-8.2812,-10.4009,-7.3797,-12.3515,-7.588,-7.5547,-8.2659,-10.101,-10.6222,-6.2444,-5.6278,-5.5935,-7.1066,-7.1669
197911,5.21,2.45,-3.25,0.17,-2,0.99,11.0359,8.5831,6.2903,5.1111,6.4831,11.1759,7.6476,6.4902,7.7746,7.4093,11.838,7.079,6.734,7.0287,5.3918,9.8695,7.3843,7.5684,5.977,5.9336,5.2333,7.1294,4.354,7.1727,1.0008
197912,1.79,4.36,-1.98,-0.82,-1.01,0.95,11.4182,8.4082,5.8387,6.5804,5.1892,8.6159,6.2522,5.7153,3.6882,5.097,5.5346,3.2071,2.8283,1.9906,7.8804,4.5738,4.0856,2.2453,2.0572,4.2755,1.7342,3.6986,-0.0485,0.8442,2.2698
198001,5.51,1.92,1.8,-1.99,2.01,0.8,12.9141,10.416,8.66,8.8679,10.9277,6.9144,7.6735,6.1899,4.6117,9.1895,5.2803,6.7291,7.0764,6.1151,8.9087,7.6467,6.9245,6.6157,0.8168,7.9922,3.3356,7.3008,5.8211,7.8196,10.2286
198002,-1.22,-1.47,0.62,0.11,3.04,0.89,0.5637,-0.4109,-2.0184,-2.1409,-2.0138,-1.3398,-0.5861,-2.7279,-4.5063,-1.0687,-1.206,-3.3273,-4.4272,-4.2785,-2.7282,-2.5292,-1.2347,-3.0254,-4.7977,-1.5241,-4.4911,0.9595,4.1442,1.6082,2.4902
198003,-12.9,-6.99,-1.06,1.57,-1.34,1.21,-22.1053,-19.4309,-17.2923,-15.5396,-17.6209,-19.2336,-16.3784,-16.7687,-14.7091,-17.5078,-15.7755,-15.1041,-16.296,-13.0552,-18.7649,-12.0466,-14.2832,-13.0984,-11.1162,-16.7754,-6.1713,-11.2311,-9.7632,-11.287,-12.8861
198004,3.97,1.01,1.06,-2.04,0.54,1.26,6.278,6.5241,6.6541,5.1148,6.1701,6.1464,4.9179,6.1369,8.0989,3.5798,6.9192,6.8198,7.2452,9.4308,5.9189,4.8136,6.6966,7.343,8.7536,6.6971,2.9681,3.5081,5.447,7.8773,2.8631
198005,5.26,2.11,0.39,0.44,-0.47,0.81,7.0656,6.4048,6.9041,6.5461,7.6923,9.1534,10.3959,6.9736,8.0545,10.1036,7.1066,6.8033,8.6925,7.9828,8.994,7.6134,7.7871,9.5697,7.1969,9.0255,4.9534,5.1371,5.2173,4.1518,6.1383
198006,3.06,1.48,-0.89,-0.05,-0.95,0.61,4.9619,3.567,4.03,4.3023,5.1988,4.3336,6.6855,4.0634,5.5689,2.0801,5.2779,5.8268,4.0194,4.7292,2.3808,5.7318,3.9383,4.6869,3.1758,4.7948,2.2472,4.1716,2.0326,4.7128,0.249
198007,6.49,3.92,-6.3,4.02,-2.46,0.53,12.21,12.5701,10.344,8.566,9.017,14.3976,11.4217,9.9527,7.5101,7.5114,13.2328,8.1647,9.4654,5.4981,7.0161,11.0819,9.5163,8.1389,2.7925,4.7216,11.1879,5.8682,3.0738,3.4562,5.1539
198008,1.8,4.23,-2.64,2.13,-0.8,0.64,11.4511,8.8779,7.3773,6.8964,5.1704,8.2945,7.4219,3.9031,3.1492,3.7604,6.7341,6.3306,2.2588,1.8868,0.8701,4.6626,2.3947,2.5618,0.0488,0.5868,2.0542,0.9755,1.3896,1.9722,0.0124
198009,2.19,0.57,-4.79,1.95,-2.81,0.75,6.6022,2.8387,2.7416,1.492,2.9283,4.5845,3.7639,3.6413,0.9258,0.8958,5.7589,2.3065,2.9865,1.3671,-1.2973,5.7555,4.2768,1.2825,0.5121,0.2424,3.1026,5.918,3.4953,-1.2584,0.0968
198010,1.06,2.35,-2.74,1.68,-1.22,0.95,7.6276,5.562,4.2863,3.5777,2.1871,6.7513,2.0594,1.0615,3.3649,1.0056,2.679,2.3792,3.0649,1.3886,2.4599,2.3053,2.8224,-0.863,-1.4263,-0.1559,0.5648,4.0907,5.0786,-1.8706,0.6673
198011,9.59,-3.41,-8.35,4.33,-5.74,0.96,16.1933,6.2164,6.0841,0.6682,1.7228,13.6087,7.4429,4.3472,6.5981,3.3574,11.6087,7.0304,3.7503,2.3236,1.7056,13.2471,14.3399,4.5316,3.0102,0.9288,10.5958,14.5006,19.2338,5.0497,3.9162
198012,-4.52,-0.29,2.68,-1,1.18,1.31,-6.3233,-5.6145,-3.5635,-2.8421,-3.4654,-5.1859,-2.3542,-1.9487,-1.4447,-0.762,-3.8744,-3.1289,-0.5509,-1.1494,-0.3141,-3.6221,-4.5902,-0.6782,0.5567,-0.4161,0.0954,-5.637,-5.9566,-1.3532,-0.2127
198101,-5.04,3.38,6.84,-3.52,4.35,1.04,-4.5279,-0.2198,1.7223,1.8567,3.2311,-4.9179,-0.2012,0.0941,1.6971,3.3516,-4.3442,-1.6332,-1.1363,1.9854,2.9112,-6.6919,-3.3917,-0.6507,0.6757,1.5124,-6.0726,-7.5057,-6.6319,-0.0596,2.2706
198102,0.57,-0.49,0.97,0.13,2.25,1.07,-3.341,0.0706,0.9647,2.2745,2.4584,-0.4352,1.5031,2.9841,3.5032,3.7843,2.2775,2.3763,3.8555,-0.0661,1.4898,1.4282,2.9202,4.2949,1.3728,3.663,3.2788,1.9693,-0.66,3.0669,-0.4732
198103,3.56,3.06,0.67,-2.54,-0.53,1.21,7.3031,9.5069,8.5554,9.1964,7.3426,7.9904,8.1903,8.2199,7.633,7.6062,7.6649,7.7333,7.5015,9.1495,7.0281,8.8895,6.3126,9.0945,7.1696,7.6236,2.9721,3.1656,-0.4218,3.9884,8.1856
198104,-2.11,4.56,2.26,1.02,1.2,1.08,3.0514,4.7256,3.6678,4.7023,5.5424,1.6151,3.6169,3.6865,3.7522,3.7851,2.0933,3.4175,1.5159,0.978,4.0187,0.0273,-0.7596,0.3963,0.2611,1.6922,-2.7168,-4.301,-2.9731,2.2708,-2.9635
198105,0.11,2.45,-0.43,0.22,-1.6,1.15,5.0035,5.0087,4.4007,2.6563,2.7003,6.2467,2.2628,2.6339,0.3518,2.3235,2.1731,3.8187,2.8127,1.4424,5.5498,3.6175,1.6384,2.2628,1.089,3.3266,1.6342,-2.1621,-2.0974,3.6199,0.7424
198106,-2.36,-0.99,5.13,-1.26,2.68,1.35,-7.1437,-0.366,1.2324,2.7317,1.141,-7.0404,-0.5551,-0.647,-0.1547,1.8235,-5.0744,-0.1303,-0.3863,2.1667,-2.2314,-5.2189,-1.6431,0.6221,2.6519,-0.4915,-4.4196,1.1393,3.4835,-0.6337,0.5778
198107,-1.54,-1.96,-0.66,1.05,-3.04,1.24,-4.4745,-3.4373,-2.7752,-2.1926,-2.2867,-2.5469,-3.459,-0.584,-1.5322,-1.9831,-1.1927,-2.0778,-2.9688,-2.9679,-0.3651,2.0437,-1.0296,-2.3428,-2.5752,-3.3042,1.7279,2.8065,-2.1069,-2.1008,0.6027
198108,-7.04,-1.83,4.84,-0.42,1.46,1.28,-12.7892,-8.5862,-7.3326,-5.7026,-4.969,-10.4002,-8.0595,-4.8723,-5.2077,-5.6208,-8.5943,-6.0189,-5.5096,-5.6147,-3.4008,-6.8607,-6.1784,-3.836,-5.2951,-3.2276,-6.1433,-6.7002,-5.699,-5.2077,-0.3927
198109,-7.17,-2.47,5.2,0.09,2.79,1.24,-13.5186,-8.3829,-7.419,-6.4692,-6.3112,-10.2271,-6.8945,-6.4075,-3.1335,-5.5553,-9.3122,-5.8384,-5.9897,-1.6949,-3.9145,-9.3025,-8.0008,-6.5937,-3.716,-4.3618,-6.3761,-5.9497,-5.947,-2.5649,0.4798
198110,4.92,2.25,-4.21,3.23,-2.76,1.21,10.4302,8.1322,8.3881,7.0113,4.9491,11.1444,6.633,6.8915,7.5233,6.0791,10.9749,5.0307,7.246,5.0184,4.3927,10.2795,7.4792,5.1063,4.1359,3.6878,7.8403,7.657,2.7706,1.3947,4.8069
198111,3.36,-1.39,1.9,0.32,0.63,1.07,-1.237,2.3498,3.977,2.6404,4.0738,1.4627,5.5767,4.6403,6.0621,5.5714,0.5035,2.7046,4.3648,2.8523,5.3544,3.6078,4.7182,2.6233,7.2542,4.7422,3.648,5.7392,5.3101,4.2228,3.7671
198112,-3.65,1.19,0.74,0.28,2.41,0.87,-4.0802,-2.119,-0.5822,-0.456,-1.1326,-1.6861,-0.4611,-1.9589,-2.4368,-1.6236,-1.9906,-1.9795,-1.0462,-1.2054,-3.1409,-3.241,-2.1887,-1.4876,-2.6568,-2.3696,-2.9265,-3.4171,-3.8332,-1.9265,-1.7945
198201,-3.24,-1.18,3.17,-1.41,2.08,0.8,-3.0767,-0.5518,-1.7061,-1.4475,-0.2591,-5.5281,-2.931,-4.25,-2.9492,0.2414,-6.3114,-3.2218,-4.8675,-2.2265,1.4239,-6.6076,-4.3012,-3.7132,-1.4825,-1.7063,-0.2507,-3.8524,-2.5976,-1.3567,1.4328
198202,-5.86,0.33,6.1,-3.58,4.57,0.92,-7.8849,-4.0936,-2.9416,-2.7454,-0.9059,-7.3591,-4.4111,-4.2735,-0.9728,-0.4991,-8.0644,-2.4429,-1.4886,-3.125,0.4408,-6.8937,-6.5001,-3.3165,-0.1764,0.6974,-7.4233,-7.3651,-2.6472,-1.1844,-3.9196
198203,-1.87,0.02,3.78,-1.32,2.37,0.98,-1.9479,-0.3666,-1.2175,-0.2863,0.1263,-3.692,0.0487,-1.1749,1.7461,1.8519,-2.3412,-0.1738,1.2911,-0.3528,2.8519,-3.0307,-1.4627,-0.2604,0.1221,1.0514,-3.4956,0.4408,-1.4778,2.681,2.036
198204,3.27,1.13,-2.78,1.39,-0.15,1.13,6.4859,6.254,5.0293,5.037,4.5206,6.7055,6.9425,5.6809,4.3945,4.1959,6.3002,5.7638,4.5122,5.0088,4.8446,6.0685,4.9837,4.5045,3.8013,5.0231,6.6393,3.9277,2.7114,3.4341,0.5463
198205,-3.99,0.53,1.81,0.46,-0.09,1.06,-3.1597,-1.672,0.0082,-0.8553,-0.7083,-3.9572,-3.9888,-2.6785,-1.9232,-1.9871,-3.5531,-2.0779,-3.2789,-1.2494,-1.1503,-4.7942,-4.3538,-3.6919,-4.1293,-2.7762,-4.0252,-1.771,-1.8592,-2.942,-1.258
198206,-3.09,-0.53,1.54,-0.2,2.72,0.96,-4.4371,-3.0232,-2.5745,-1.1914,-1.253,-4.1725,-1.3289,-1.506,-0.5253,-1.2855,-4.1023,-0.5781,-0.4936,-2.1207,-1.9067,-4.4814,-3.1069,-0.7717,-1.2697,0.5051,-2.8519,-1.0779,-0.6223,-1.8382,-2.8775
198207,-3.19,0.93,0.15,0.83,1.54,1.05,-3.8191,-2.4936,0.3178,-0.7685,-0.4246,-3.2833,1.2976,-0.3657,-0.1967,-1.0635,-1.8502,-0.5286,-2.3535,-3.4202,-1.4832,-1.3756,-4.0745,-2.9313,-3.3397,-2.8109,0.6359,-3.7663,-4.437,-1.9919,-1.8293
198208,11.14,-4.27,1.16,-1.66,0.18,0.76,4.8871,7.1078,6.7973,5.1121,5.6479,7.9019,8.4996,9.9738,7.9534,8.4353,10.8374,11.2605,11.5544,11.3804,10.7568,12.094,12.8492,10.5516,12.5113,14.0089,11.2424,11.8461,13.0059,13.7757,12.4624
198209,1.29,2.57,0.34,1.9,-0.04,0.51,2.2221,2.561,5.6962,3.8637,4.3537,2.6594,2.3556,5.0153,5.5636,5.7699,3.1656,5.5454,4.3324,4.0694,2.2559,2.7372,2.2013,7.659,2.7122,-0.0277,1.6767,2.0403,1.1921,-0.1316,0.1622
198210,11.3,1.9,-3.68,0.42,-0.37,0.59,17.6996,13.5642,13.3823,12.5904,11.6429,17.205,12.5338,13.4289,10.0544,11.3826,15.1504,13.5959,12.5575,13.2726,13.1409,15.5691,14.8968,12.4058,12.6337,12.833,11.5235,11.2694,10.3866,11.3087,5.9471
198211,4.67,4.56,-1.96,-0.51,0.32,0.63,9.0407,10.4057,11.6084,10.5171,10.4401,9.7392,8.8776,8.0457,7.8249,8.5679,10.5173,8.6401,6.4234,5.8252,8.2044,7.332,6.983,4.4334,5.4045,7.2974,7.2306,3.9566,1.2594,2.9626,1.6746
198212,0.55,-0.03,0.01,-0.46,1.03,0.67,2.5593,2.2919,1.9477,2.3553,2.4189,-0.3708,2.5448,1.0654,0.4712,0.9128,0.6116,0.4853,-0.6331,0.1274,2.5951,0.7925,0.1385,2.4678,0.2324,2.6453,2.3542,-0.0115,1.1477,0.3894,5.9237
198301,3.6,3.29,-0.86,-1.71,-0.46,0.69,13.551,8.4849,8.8767,9.0743,7.1309,7.9272,8.2903,3.5397,4.7789,4.793,6.3744,2.9452,4.129,3.1013,3.9904,5.0992,3.4321,2.7911,2.4783,2.0805,2.1044,3.0868,3.7726,6.0895,2.7655
198302,2.59,2.91,0.67,-0.57,1.02,0.62,3.1848,4.6036,8.0774,7.5057,8.9409,5.1509,4.9556,7.9278,5.7893,5.3273,5.2167,4.8787,5.282,4.4484,5.1199,4.8585,2.9015,2.6244,3.3171,4.4774,2.3932,3.8857,3.1667,1.1324,2.4051
198303,2.82,1.4,2.07,0.23,2.81,0.63,2.7898,5.7071,6.6146,4.5209,7.5714,1.9286,3.7251,6.6138,7.1043,4.8527,2.1008,6.4752,4.9238,7.788,4.6956,0.6516,2.6598,4.6309,5.5412,5.1438,3.3111,2.6373,4.1459,3.4663,1.8321
198304,6.67,0.48,0.6,-0.25,1.6,0.71,7.3583,7.4091,8.6575,9.542,9.0013,7.9389,8.3295,8.8683,7.8145,7.8202,6.623,7.3346,7.2596,6.4273,6.5489,5.0465,5.7408,7.601,6.9734,6.2267,6.6211,6.0389,8.7683,9.0265,7.2351
198305,0.52,6.21,-1.4,-2.14,-1.53,0.69,11.9633,10.2918,8.4076,8.5406,7.9054,5.4875,6.4411,5.2108,3.3231,5.3469,5.7382,5.3359,2.4855,2.1765,1.3691,4.7024,5.5011,4.7561,1.8704,1.0414,-1.0199,-2.1419,-0.4699,-1.6135,1.1688
198306,3.07,1.15,-3.87,2.48,-0.89,0.67,4.1302,6.8477,3.8109,2.8781,4.2895,6.8624,5.331,1.4543,2.6683,3.875,4.7438,5.4689,4.8265,1.3572,1.5876,6.4635,4.7312,4.1404,-1.353,1.8766,5.9021,5.325,2.7962,1.666,0.6532
198307,-4.07,0.97,5.62,-0.06,2.84,0.74,-6.1163,-2.2273,-0.9756,0.8247,0.7388,-7.2225,-4.5482,-0.8454,1.6617,0.9573,-6.2612,-3.0622,2.6837,0.976,0.6612,-4.2898,-3.7149,-4.7014,-0.8273,-0.5698,-4.8416,-5.9171,-3.1617,-0.5631,-2.1701
198308,-0.5,-4.33,5.55,0.48,1.95,0.76,-6.0336,-3.9517,-2.306,-3.6032,-1.1425,-5.3884,-3.3604,-2.8193,-1.0934,0.7474,-3.7607,-4.3342,-1.5038,-0.8581,2.6893,-2.9081,-1.715,-0.049,2.7841,3.6887,-0.6592,-0.3856,0.1483,4.455,6.6197
198309,0.91,0.22,1.09,1.14,0.59,0.76,-3.0956,0.2053,0.6947,1.4825,1.639,1.132,1.388,3.9653,4.8394,3.6417,1.8294,4.1006,2.8586,4.9452,6.7709,3.5794,1.8965,2.971,2.6695,1.5007,2.871,1.9984,1.993,-1.1194,0.5044
198310,-3.44,-3.82,5.06,-0.64,2.97,0.76,-10.5029,-6.2492,-4.9865,-3.6199,-2.9267,-10.1852,-7.3153,-4.0892,-1.7658,-3.0701,-8.295,-4.6027,-2.83,-0.6852,-1.7183,-7.0996,-2.7824,-1.8879,-1.729,-0.4166,-2.4922,-2.2756,-0.0642,-0.1712,-0.6737
198311,2.16,1.9,-0.62,-0.55,0.64,0.7,3.6458,3.6556,3.4231,2.7735,4.3893,5.7661,5.1946,4.7753,5.2386,4.8035,6.1932,4.3831,4.6339,4.109,3.9486,5.7217,2.7267,4.5155,4.8514,3.7993,1.1974,2.9471,2.8,1.5768,0.6209
198312,-1.78,-0.47,1.67,1.53,1.21,0.73,-5.1998,-1.2899,-0.6497,-0.3184,0.7399,-3.0932,-1.187,0.0748,-0.1063,0.0103,-3.179,-1.2161,-0.1574,-1.0594,1.2712,-3.4727,-0.5393,-2.8007,-1.7463,-0.5361,-0.0421,0.1766,-2.3629,-0.8379,0.5409
198401,-1.92,-0.04,7.63,-0.67,3,0.76,-2.0116,-0.8734,-0.0741,1.2266,3.1644,-6.3152,-1.3855,-0.3686,0.2505,3.684,-6.9955,-4.6202,-2.3748,0.3676,-0.1635,-7.6442,-3.4792,-1.4701,-0.3724,0.4633,-5.6926,-0.7374,1.0511,1.7077,6.9788
198402,-4.82,-1.6,3.36,0.72,1.57,0.71,-7.5021,-6.8789,-5.3156,-4.2482,-4.589,-7.1849,-6.0035,-3.8665,-3.2079,-3.8951,-6.7913,-7.1379,-4.6963,-4.6678,-2.3368,-5.6883,-5.745,-5.5146,-3.2024,-4.699,-3.7677,-5.999,-4.4236,-2.2313,0.6789
198403,0.63,-0.3,0.48,-1.16,1.09,0.73,-1.0898,1.4398,0.5797,1.6136,2.1394,-0.2792,1.3046,0.9495,1.2267,1.9506,0.6225,1.4558,2.317,1.3562,3.3602,0.5776,0.7943,2.4684,1.5358,4.2434,1.7899,2.9505,0.0629,1.8523,-1.4558
198404,-0.51,-1.05,1.29,3.4,0.76,0.81,-4.0571,-1.8141,-0.7164,-0.0078,-0.9527,-1.2839,1.468,0.6497,0.1433,-1.1554,-0.004,1.1005,-0.076,-1.2132,0.1565,-1.3193,-0.5429,-0.566,-2.5335,-1.8442,1.4271,-0.3962,1.3179,1.5755,2.4265
198405,-5.97,0.07,0.26,2.1,-0.5,0.78,-6.1856,-4.7354,-4.9095,-3.4695,-3.5996,-6.1029,-4.9343,-5.0031,-4.006,-4.1257,-5.8839,-5.5803,-5.6302,-4.0441,-6.4848,-3.9517,-3.9344,-5.1576,-5.2956,-7.5474,-5.2046,-3.3456,-6.1994,-4.1387,-6.0545
198406,1.82,0.05,-2.6,3.05,-1.51,0.75,1.0685,3.4059,2.1751,1.5818,1.3089,3.9809,4.6926,1.9106,2.7867,1.127,6.4231,5.0075,0.9716,1.5662,-0.5408,5.9833,4.5538,1.7847,1.947,2.5471,3.4786,5.3655,2.0772,-1.2006,5.3403
198407,-2.74,-2.23,0.49,3.94,-2.17,0.82,-7.2186,-5.2091,-4.4126,-1.8642,-2.1583,-5.3409,-5.6252,-1.3925,-3.8679,-3.6762,-3.6659,-3.2754,-2.9323,-3.0234,-0.9954,-3.5474,-5.0595,-2.5122,-4.6038,-0.4935,0.311,-1.437,0.1004,-3.2248,-2.3278
198408,10.28,-0.29,-1.85,-1.22,-0.81,0.83,11.5226,11.6443,8.6255,7.2096,8.647,15.7886,10.5507,9.9018,9.4193,10.3092,15.4053,13.1148,10.6663,12.0613,9.4157,12.8265,13.4359,12.4254,11.2484,9.9794,10.7691,10.172,10.5129,11.408,12.5003
198409,-0.8,0,5.32,1.48,2.53,0.86,-2.609,-1.5006,0.5982,1.2841,2.4028,-5.4579,0.258,1.9977,1.519,3.2234,-4.0585,1.7992,1.7919,2.2759,3.4279,-1.4722,-1.574,0.6593,1.4496,4.4734,-2.7789,-1.6865,-0.4132,1.9203,3.2439
198410,-0.84,-1.44,0.51,0.99,-1.16,1,-3.8226,-1.3259,-2.0968,-1.5695,-1.2851,-3.0407,-1.7211,-0.2363,0.9084,0.9995,-1.7437,-0.6031,1.5985,-1.8074,1.4921,-0.432,-0.0149,0.6914,0.1998,1.6904,0.8799,2.8554,1.5231,-0.6676,-1.5843
198411,-1.76,-0.95,4.08,0.89,2.08,0.73,-5.7831,-3.9224,-1.255,-1.5913,-0.9322,-5.8256,-2.1343,-0.3842,0.044,1.2457,-4.1312,0.6378,1.3356,1.2807,1.874,-3.5069,-0.5173,-1.0007,0.5754,2.0313,-2.4611,-0.9705,-1.8128,-0.5886,1.4332
198412,1.84,-0.71,-0.17,1.23,-1.26,0.64,0.5854,0.7409,0.9019,0.4929,0.7588,2.0029,2.2628,1.6715,2.5349,2.5667,4.4605,3.5677,0.8672,1.6515,2.1568,3.3047,1.9266,2.2277,2.9185,3.5314,2.5833,2.3699,2.9074,3.117,1.2162
