Date,Pmonret_tmv,Sizeflg,BMflg
200801,-0.0534,1,1
200802,0.1078,1,1
200803,-0.1359,1,1
200804,-0.0694,1,1
200805,0.0119,1,1
200806,-0.2547,1,1
200807,0.1444,1,1
200808,-0.2017,1,1
200809,-0.1124,1,1
200810,-0.2415,1,1
200811,0.2395,1,1
200812,0.0331,1,1
200901,0.1251,1,1
200902,0.1599,1,1
200903,0.1636,1,1
200904,0.0496,1,1
200905,0.1138,1,1
200906,0.0991,1,1
200907,0.1144,1,1
200908,-0.1311,1,1
200909,0.0223,1,1
200910,0.1073,1,1
200911,0.1543,1,1
200912,0.0112,1,1
201001,-0.0165,1,1
201002,0.0856,1,1
201003,0.0312,1,1
201004,-0.0645,1,1
201005,-0.0879,1,1
201006,-0.1137,1,1
201007,0.168,1,1
201008,0.0901,1,1
201009,0.0001,1,1
201010,0.0409,1,1
201011,0.0119,1,1
201012,-0.0143,1,1
201101,-0.0342,1,1
201102,0.1021,1,1
201103,0.0363,1,1
201104,0.0161,1,1
201105,-0.0737,1,1
201106,0.0488,1,1
201107,0.0237,1,1
201108,-0.0186,1,1
201109,-0.1057,1,1
201110,0.0249,1,1
201111,-0.023,1,1
201112,-0.2151,1,1
201201,-0.0093,1,1
201202,0.1495,1,1
201203,-0.0699,1,1
201204,0.0911,1,1
201205,0.0306,1,1
201206,-0.0526,1,1
201207,-0.0867,1,1
201208,0.0164,1,1
201209,0.0281,1,1
201210,0.0113,1,1
201211,-0.0768,1,1
201212,0.1431,1,1
201301,0.0844,1,1
201302,0.0462,1,1
201303,-0.0201,1,1
201304,-0.0123,1,1
201305,0.0975,1,1
201306,-0.1822,1,1
201307,0.0845,1,1
201308,0.1388,1,1
201309,0.0607,1,1
201310,-0.0237,1,1
201311,0.0744,1,1
201312,-0.0645,1,1
201401,0.0371,1,1
201402,0.0586,1,1
201403,0.0058,1,1
201404,-0.0059,1,1
201405,0.0324,1,1
201406,0.0556,1,1
201407,0.102,1,1
201408,0.1275,1,1
201409,0.21,1,1
201410,0.015,1,1
201411,0.0538,1,1
201412,-0.113,1,1
201501,0.0987,1,1
201502,0.0867,1,1
201503,0.2498,1,1
201504,0.3088,1,1
201505,0.3235,1,1
201506,-0.1447,1,1
201507,-0.1697,1,1
201508,-0.0534,1,1
201509,-0.005,1,1
201510,0.2886,1,1
201511,0.1956,1,1
201512,0.1131,1,1
201601,-0.2954,1,1
201602,-0.0478,1,1
201603,0.1917,1,1
201604,0.0286,1,1
201605,-0.0678,1,1
201606,0.042,1,1
201607,-0.012,1,1
201608,0.0722,1,1
201609,0.0712,1,1
201610,0.0666,1,1
201611,0.039,1,1
201612,0.042,1,1
201701,-0.0548,1,1
201702,0.0312,1,1
201703,-0.0368,1,1
201704,-0.0593,1,1
201705,-0.1012,1,1
201706,0.0221,1,1
201707,-0.0242,1,1
201708,0.0466,1,1
201709,0.0119,1,1
201710,-0.0294,1,1
201711,-0.0903,1,1
201712,-0.036,1,1
201801,-0.0682,1,1
201802,-0.0726,1,1
201803,0.0757,1,1
201804,-0.0628,1,1
201805,-0.0191,1,1
201806,-0.135,1,1
201807,0.0289,1,1
201808,-0.0812,1,1
201809,0.0011,1,1
200801,-0.0657,1,2
200802,0.1198,1,2
200803,-0.1876,1,2
200804,-0.0561,1,2
200805,0.0059,1,2
200806,-0.2803,1,2
200807,0.1389,1,2
200808,-0.2045,1,2
200809,-0.0807,1,2
200810,-0.2331,1,2
200811,0.1882,1,2
200812,0.0866,1,2
200901,0.1705,1,2
200902,0.0935,1,2
200903,0.2646,1,2
200904,0.0487,1,2
200905,0.0783,1,2
200906,0.1004,1,2
200907,0.1408,1,2
200908,-0.1139,1,2
200909,0.017,1,2
200910,0.119,1,2
200911,0.1444,1,2
200912,0.0312,1,2
201001,0.005,1,2
201002,0.1199,1,2
201003,0.0643,1,2
201004,-0.0538,1,2
201005,-0.0795,1,2
201006,-0.1032,1,2
201007,0.1942,1,2
201008,0.1417,1,2
201009,0.0374,1,2
201010,0.0744,1,2
201011,0.0591,1,2
201012,-0.0157,1,2
201101,-0.0487,1,2
201102,0.1378,1,2
201103,0.0154,1,2
201104,-0.0135,1,2
201105,-0.0677,1,2
201106,0.0671,1,2
201107,0.0464,1,2
201108,-0.0252,1,2
201109,-0.1188,1,2
201110,0.0423,1,2
201111,-0.016,1,2
201112,-0.1517,1,2
201201,-0.0144,1,2
201202,0.1314,1,2
201203,-0.0723,1,2
201204,0.0587,1,2
201205,0.024,1,2
201206,-0.0722,1,2
201207,-0.1175,1,2
201208,0.0439,1,2
201209,0.005,1,2
201210,0.012,1,2
201211,-0.11,1,2
201212,0.1419,1,2
201301,0.0481,1,2
201302,0.0526,1,2
201303,-0.0328,1,2
201304,-0.0167,1,2
201305,0.1439,1,2
201306,-0.1723,1,2
201307,0.0927,1,2
201308,0.1465,1,2
201309,0.1078,1,2
201310,-0.0345,1,2
201311,0.0888,1,2
201312,-0.0083,1,2
201401,0.1047,1,2
201402,0.0543,1,2
201403,-0.0667,1,2
201404,-0.0106,1,2
201405,0.0327,1,2
201406,0.0882,1,2
201407,0.0774,1,2
201408,0.1079,1,2
201409,0.2063,1,2
201410,0.0187,1,2
201411,0.0538,1,2
201412,-0.1177,1,2
201501,0.0941,1,2
201502,0.0895,1,2
201503,0.2799,1,2
201504,0.1296,1,2
201505,0.2942,1,2
201506,-0.1572,1,2
201507,-0.193,1,2
201508,-0.1089,1,2
201509,-0.0526,1,2
201510,0.2657,1,2
201511,0.201,1,2
201512,0.1445,1,2
201601,-0.309,1,2
201602,0.0068,1,2
201603,0.2542,1,2
201604,0.0239,1,2
201605,-0.0354,1,2
201606,0.068,1,2
201607,-0.0005,1,2
201608,0.071,1,2
201609,0.0429,1,2
201610,0.0619,1,2
201611,0.054,1,2
201612,-0.014,1,2
201701,-0.0305,1,2
201702,0.0372,1,2
201703,-0.0439,1,2
201704,-0.0908,1,2
201705,-0.0722,1,2
201706,0.0475,1,2
201707,-0.0252,1,2
201708,0.0312,1,2
201709,0.0327,1,2
201710,-0.0334,1,2
201711,-0.0762,1,2
201712,-0.0315,1,2
201801,-0.052,1,2
201802,-0.068,1,2
201803,0.0937,1,2
201804,-0.032,1,2
201805,-0.0462,1,2
201806,-0.1134,1,2
201807,0.0176,1,2
201808,-0.0813,1,2
201809,0.0065,1,2
200801,-0.0611,1,3
200802,0.1271,1,3
200803,-0.1656,1,3
200804,-0.0796,1,3
200805,-0.0098,1,3
200806,-0.2094,1,3
200807,0.1382,1,3
200808,-0.1967,1,3
200809,-0.0712,1,3
200810,-0.2418,1,3
200811,0.215,1,3
200812,0.0702,1,3
200901,0.1735,1,3
200902,0.0724,1,3
200903,0.2281,1,3
200904,0.0972,1,3
200905,0.0465,1,3
200906,0.0407,1,3
200907,0.1245,1,3
200908,-0.1494,1,3
200909,0.0368,1,3
200910,0.1244,1,3
200911,0.1207,1,3
200912,0.0537,1,3
201001,0.0037,1,3
201002,0.0558,1,3
201003,0.0798,1,3
201004,-0.0826,1,3
201005,-0.054,1,3
201006,-0.0751,1,3
201007,0.1853,1,3
201008,0.122,1,3
201009,0.0263,1,3
201010,0.0938,1,3
201011,0.0425,1,3
201012,-0.0168,1,3
201101,-0.0498,1,3
201102,0.1334,1,3
201103,-0.0133,1,3
201104,-0.0308,1,3
201105,-0.0725,1,3
201106,0.0542,1,3
201107,0.0183,1,3
201108,-0.0125,1,3
201109,-0.1102,1,3
201110,0.0314,1,3
201111,-0.0298,1,3
201112,-0.17,1,3
201201,-0.0166,1,3
201202,0.1242,1,3
201203,-0.1014,1,3
201204,0.0863,1,3
201205,0.0196,1,3
201206,-0.061,1,3
201207,-0.0877,1,3
201208,0.0408,1,3
201209,0.0094,1,3
201210,-0.002,1,3
201211,-0.1173,1,3
201212,0.1552,1,3
201301,0.0778,1,3
201302,0.0442,1,3
201303,-0.0365,1,3
201304,-0.0186,1,3
201305,0.1368,1,3
201306,-0.1308,1,3
201307,0.0833,1,3
201308,0.0825,1,3
201309,0.0724,1,3
201310,-0.0139,1,3
201311,0.1125,1,3
201312,-0.0082,1,3
201401,0.0781,1,3
201402,0.063,1,3
201403,0.0047,1,3
201404,-0.0016,1,3
201405,0.0705,1,3
201406,0.0881,1,3
201407,0.0943,1,3
201408,0.1018,1,3
201409,0.2141,1,3
201410,-0.0021,1,3
201411,0.0617,1,3
201412,-0.1387,1,3
201501,0.1266,1,3
201502,0.0925,1,3
201503,0.285,1,3
201504,0.2668,1,3
201505,0.4071,1,3
201506,-0.1473,1,3
201507,-0.214,1,3
201508,-0.0981,1,3
201509,-0.0641,1,3
201510,0.2942,1,3
201511,0.1561,1,3
201512,0.1036,1,3
201601,-0.285,1,3
201602,-0.0286,1,3
201603,0.2196,1,3
201604,0.0191,1,3
201605,-0.0364,1,3
201606,0.0895,1,3
201607,-0.0062,1,3
201608,0.0748,1,3
201609,0.0253,1,3
201610,0.037,1,3
201611,0.0408,1,3
201612,-0.0243,1,3
201701,-0.0391,1,3
201702,0.0451,1,3
201703,-0.0452,1,3
201704,-0.0734,1,3
201705,-0.0814,1,3
201706,0.0276,1,3
201707,-0.0331,1,3
201708,0.0479,1,3
201709,0.0033,1,3
201710,-0.0332,1,3
201711,-0.0857,1,3
201712,-0.0334,1,3
201801,-0.0447,1,3
201802,-0.0526,1,3
201803,0.051,1,3
201804,-0.0424,1,3
201805,-0.0045,1,3
201806,-0.0969,1,3
201807,0.0147,1,3
201808,-0.0804,1,3
201809,0.015,1,3
200801,-0.048,1,4
200802,0.1394,1,4
200803,-0.1984,1,4
200804,-0.0672,1,4
200805,-0.0318,1,4
200806,-0.2405,1,4
200807,0.1085,1,4
200808,-0.1995,1,4
200809,-0.0805,1,4
200810,-0.2686,1,4
200811,0.2088,1,4
200812,0.0659,1,4
200901,0.1574,1,4
200902,0.0795,1,4
200903,0.2458,1,4
200904,0.0723,1,4
200905,0.096,1,4
200906,0.1085,1,4
200907,0.1432,1,4
200908,-0.1348,1,4
200909,0.0431,1,4
200910,0.1214,1,4
200911,0.1716,1,4
200912,0.0351,1,4
201001,-0.0173,1,4
201002,0.0746,1,4
201003,0.0484,1,4
201004,-0.0868,1,4
201005,-0.0673,1,4
201006,-0.0926,1,4
201007,0.178,1,4
201008,0.1069,1,4
201009,-0.007,1,4
201010,0.0691,1,4
201011,0.0152,1,4
201012,-0.0036,1,4
201101,-0.0566,1,4
201102,0.1032,1,4
201103,0.0149,1,4
201104,-0.0481,1,4
201105,-0.0623,1,4
201106,0.0476,1,4
201107,0.0111,1,4
201108,-0.0284,1,4
201109,-0.1074,1,4
201110,0.0503,1,4
201111,-0.0478,1,4
201112,-0.1661,1,4
201201,-0.0061,1,4
201202,0.1278,1,4
201203,-0.0538,1,4
201204,0.0613,1,4
201205,0.0396,1,4
201206,-0.0665,1,4
201207,-0.1017,1,4
201208,0.0383,1,4
201209,0.006,1,4
201210,-0.0108,1,4
201211,-0.1438,1,4
201212,0.1647,1,4
201301,0.0855,1,4
201302,0.0449,1,4
201303,-0.0229,1,4
201304,-0.0221,1,4
201305,0.1662,1,4
201306,-0.1302,1,4
201307,0.1076,1,4
201308,0.0807,1,4
201309,0.0852,1,4
201310,-0.0403,1,4
201311,0.1431,1,4
201312,-0.01,1,4
201401,0.1091,1,4
201402,0.0353,1,4
201403,-0.0493,1,4
201404,-0.0087,1,4
201405,0.0614,1,4
201406,0.0814,1,4
201407,0.0733,1,4
201408,0.082,1,4
201409,0.1885,1,4
201410,-0.001,1,4
201411,0.0723,1,4
201412,-0.11,1,4
201501,0.0933,1,4
201502,0.0881,1,4
201503,0.3081,1,4
201504,0.2391,1,4
201505,0.3956,1,4
201506,-0.1304,1,4
201507,-0.1968,1,4
201508,-0.1309,1,4
201509,-0.0205,1,4
201510,0.2584,1,4
201511,0.1663,1,4
201512,0.1304,1,4
201601,-0.3258,1,4
201602,-0.0203,1,4
201603,0.173,1,4
201604,0.0168,1,4
201605,-0.0233,1,4
201606,0.0718,1,4
201607,-0.0004,1,4
201608,0.071,1,4
201609,0.0078,1,4
201610,0.0498,1,4
201611,0.0532,1,4
201612,-0.012,1,4
201701,-0.0332,1,4
201702,0.0547,1,4
201703,-0.0225,1,4
201704,-0.0776,1,4
201705,-0.0766,1,4
201706,0.0282,1,4
201707,-0.0105,1,4
201708,0.0217,1,4
201709,0.0216,1,4
201710,-0.0348,1,4
201711,-0.0899,1,4
201712,-0.0169,1,4
201801,-0.057,1,4
201802,-0.0578,1,4
201803,0.054,1,4
201804,-0.0422,1,4
201805,-0.0038,1,4
201806,-0.1144,1,4
201807,0.0186,1,4
201808,-0.0737,1,4
201809,-0.0105,1,4
200801,-0.0495,1,5
200802,0.1306,1,5
200803,-0.1666,1,5
200804,-0.1039,1,5
200805,0.0118,1,5
200806,-0.2506,1,5
200807,0.1241,1,5
200808,-0.2081,1,5
200809,-0.0894,1,5
200810,-0.2459,1,5
200811,0.2079,1,5
200812,0.0495,1,5
200901,0.1382,1,5
200902,0.0718,1,5
200903,0.2101,1,5
200904,0.065,1,5
200905,0.0985,1,5
200906,0.0278,1,5
200907,0.1495,1,5
200908,-0.166,1,5
200909,0.068,1,5
200910,0.1457,1,5
200911,0.1377,1,5
200912,0.0573,1,5
201001,-0.0437,1,5
201002,0.0595,1,5
201003,0.034,1,5
201004,-0.0782,1,5
201005,-0.1043,1,5
201006,-0.0923,1,5
201007,0.1863,1,5
201008,0.1081,1,5
201009,0.0064,1,5
201010,0.1055,1,5
201011,0.0054,1,5
201012,-0.0041,1,5
201101,-0.0375,1,5
201102,0.1136,1,5
201103,0.0091,1,5
201104,-0.0274,1,5
201105,-0.082,1,5
201106,0.0603,1,5
201107,0.0283,1,5
201108,-0.027,1,5
201109,-0.1037,1,5
201110,0.0564,1,5
201111,-0.0471,1,5
201112,-0.1699,1,5
201201,-0.0143,1,5
201202,0.1442,1,5
201203,-0.0344,1,5
201204,0.0544,1,5
201205,0.0109,1,5
201206,-0.0608,1,5
201207,-0.1073,1,5
201208,0.0489,1,5
201209,-0.0018,1,5
201210,-0.0005,1,5
201211,-0.1202,1,5
201212,0.1458,1,5
201301,0.0687,1,5
201302,0.0369,1,5
201303,-0.0115,1,5
201304,-0.0251,1,5
201305,0.1539,1,5
201306,-0.1323,1,5
201307,0.1051,1,5
201308,0.0604,1,5
201309,0.0585,1,5
201310,-0.014,1,5
201311,0.1407,1,5
201312,-0.0128,1,5
201401,0.087,1,5
201402,0.0457,1,5
201403,-0.0403,1,5
201404,-0.0157,1,5
201405,0.0419,1,5
201406,0.0792,1,5
201407,0.0743,1,5
201408,0.0738,1,5
201409,0.1715,1,5
201410,0.0207,1,5
201411,0.0514,1,5
201412,-0.0876,1,5
201501,0.0725,1,5
201502,0.0896,1,5
201503,0.2823,1,5
201504,0.1469,1,5
201505,0.2995,1,5
201506,-0.0927,1,5
201507,-0.1857,1,5
201508,-0.1106,1,5
201509,-0.0567,1,5
201510,0.2174,1,5
201511,0.1681,1,5
201512,0.0882,1,5
201601,-0.309,1,5
201602,-0.0357,1,5
201603,0.2041,1,5
201604,0.0031,1,5
201605,-0.0282,1,5
201606,0.0699,1,5
201607,0.0028,1,5
201608,0.0801,1,5
201609,0.0294,1,5
201610,0.0861,1,5
201611,0.0154,1,5
201612,-0.025,1,5
201701,-0.034,1,5
201702,0.0419,1,5
201703,0.0033,1,5
201704,-0.0526,1,5
201705,-0.0936,1,5
201706,0.0443,1,5
201707,0.0008,1,5
201708,0.0222,1,5
201709,0.0088,1,5
201710,-0.0125,1,5
201711,-0.0813,1,5
201712,-0.0094,1,5
201801,-0.0334,1,5
201802,-0.0594,1,5
201803,0.017,1,5
201804,-0.0461,1,5
201805,0.0108,1,5
201806,-0.0973,1,5
201807,0.0169,1,5
201808,-0.0861,1,5
201809,0.0072,1,5
200801,-0.07,2,1
200802,0.0954,2,1
200803,-0.1267,2,1
200804,-0.0978,2,1
200805,-0.0425,2,1
200806,-0.2294,2,1
200807,0.1024,2,1
200808,-0.2633,2,1
200809,-0.1029,2,1
200810,-0.2752,2,1
200811,0.2003,2,1
200812,0.0989,2,1
200901,0.1504,2,1
200902,0.1044,2,1
200903,0.2242,2,1
200904,0.0583,2,1
200905,0.0849,2,1
200906,0.0845,2,1
200907,0.0993,2,1
200908,-0.1509,2,1
200909,0.0225,2,1
200910,0.1201,2,1
200911,0.1584,2,1
200912,0.0218,2,1
201001,0.0109,2,1
201002,0.0749,2,1
201003,0.0471,2,1
201004,-0.0898,2,1
201005,-0.0856,2,1
201006,-0.1258,2,1
201007,0.1596,2,1
201008,0.1447,2,1
201009,-0.0015,2,1
201010,0.0868,2,1
201011,0.0102,2,1
201012,-0.0093,2,1
201101,-0.0633,2,1
201102,0.1279,2,1
201103,-0.0045,2,1
201104,-0.053,2,1
201105,-0.0668,2,1
201106,0.0338,2,1
201107,0.0301,2,1
201108,-0.0348,2,1
201109,-0.1325,2,1
201110,0.0367,2,1
201111,-0.0261,2,1
201112,-0.196,2,1
201201,0.0192,2,1
201202,0.1456,2,1
201203,-0.076,2,1
201204,0.0579,2,1
201205,0.0075,2,1
201206,-0.061,2,1
201207,-0.101,2,1
201208,0.0316,2,1
201209,0.02,2,1
201210,0.0071,2,1
201211,-0.1295,2,1
201212,0.148,2,1
201301,0.1016,2,1
201302,0.0249,2,1
201303,-0.014,2,1
201304,-0.0497,2,1
201305,0.1425,2,1
201306,-0.1632,2,1
201307,0.057,2,1
201308,0.1092,2,1
201309,0.0272,2,1
201310,-0.0176,2,1
201311,0.0794,2,1
201312,-0.0493,2,1
201401,0.032,2,1
201402,0.0651,2,1
201403,-0.0118,2,1
201404,0.0065,2,1
201405,0.0322,2,1
201406,0.0482,2,1
201407,0.068,2,1
201408,0.09,2,1
201409,0.1874,2,1
201410,0.0132,2,1
201411,0.0675,2,1
201412,-0.0333,2,1
201501,0.0602,2,1
201502,0.0877,2,1
201503,0.2396,2,1
201504,0.2052,2,1
201505,0.326,2,1
201506,-0.1616,2,1
201507,-0.2117,2,1
201508,-0.1609,2,1
201509,-0.0321,2,1
201510,0.2441,2,1
201511,0.1678,2,1
201512,0.1091,2,1
201601,-0.3117,2,1
201602,-0.0186,2,1
201603,0.1944,2,1
201604,-0.0049,2,1
201605,-0.0363,2,1
201606,0.0641,2,1
201607,-0.0245,2,1
201608,0.0537,2,1
201609,0.0027,2,1
201610,0.0462,2,1
201611,0.0168,2,1
201612,-0.031,2,1
201701,-0.0396,2,1
201702,0.022,2,1
201703,-0.0392,2,1
201704,-0.1139,2,1
201705,-0.1036,2,1
201706,0.035,2,1
201707,-0.0169,2,1
201708,0.0319,2,1
201709,0.0194,2,1
201710,-0.0347,2,1
201711,-0.084,2,1
201712,-0.0292,2,1
201801,-0.0681,2,1
201802,-0.0653,2,1
201803,0.0602,2,1
201804,-0.0434,2,1
201805,-0.0281,2,1
201806,-0.132,2,1
201807,0.0064,2,1
201808,-0.0683,2,1
201809,-0.0146,2,1
200801,-0.0791,2,2
200802,0.1201,2,2
200803,-0.1874,2,2
200804,-0.0357,2,2
200805,-0.0645,2,2
200806,-0.2483,2,2
200807,0.1253,2,2
200808,-0.2287,2,2
200809,-0.1065,2,2
200810,-0.2112,2,2
200811,0.145,2,2
200812,0.0716,2,2
200901,0.1535,2,2
200902,0.0846,2,2
200903,0.2236,2,2
200904,0.0397,2,2
200905,0.0597,2,2
200906,0.0361,2,2
200907,0.1433,2,2
200908,-0.1572,2,2
200909,0.0492,2,2
200910,0.1502,2,2
200911,0.1507,2,2
200912,0.0609,2,2
201001,-0.0261,2,2
201002,0.0759,2,2
201003,0.043,2,2
201004,-0.0317,2,2
201005,-0.0783,2,2
201006,-0.0989,2,2
201007,0.1761,2,2
201008,0.102,2,2
201009,0.0309,2,2
201010,0.1113,2,2
201011,0.0172,2,2
201012,-0.0469,2,2
201101,-0.0435,2,2
201102,0.0979,2,2
201103,0.0035,2,2
201104,-0.0247,2,2
201105,-0.0493,2,2
201106,0.0548,2,2
201107,0.0058,2,2
201108,-0.0411,2,2
201109,-0.1274,2,2
201110,0.0232,2,2
201111,-0.0547,2,2
201112,-0.1562,2,2
201201,-0.014,2,2
201202,0.1262,2,2
201203,-0.0794,2,2
201204,0.1184,2,2
201205,-0.0183,2,2
201206,-0.0735,2,2
201207,-0.0931,2,2
201208,0.0502,2,2
201209,-0.0051,2,2
201210,0.0071,2,2
201211,-0.1208,2,2
201212,0.146,2,2
201301,0.0825,2,2
201302,0.0448,2,2
201303,-0.0069,2,2
201304,-0.0321,2,2
201305,0.1478,2,2
201306,-0.1494,2,2
201307,0.0658,2,2
201308,0.1064,2,2
201309,0.0424,2,2
201310,-0.0304,2,2
201311,0.0933,2,2
201312,-0.0435,2,2
201401,0.0128,2,2
201402,0.0615,2,2
201403,-0.0167,2,2
201404,-0.0198,2,2
201405,0.0504,2,2
201406,0.0602,2,2
201407,0.0618,2,2
201408,0.0917,2,2
201409,0.1641,2,2
201410,0.0161,2,2
201411,0.0498,2,2
201412,-0.1081,2,2
201501,0.1045,2,2
201502,0.0988,2,2
201503,0.2508,2,2
201504,0.1785,2,2
201505,0.3658,2,2
201506,-0.1689,2,2
201507,-0.2217,2,2
201508,-0.1613,2,2
201509,-0.0364,2,2
201510,0.2603,2,2
201511,0.15,2,2
201512,0.0985,2,2
201601,-0.321,2,2
201602,-0.0208,2,2
201603,0.2226,2,2
201604,0.0133,2,2
201605,-0.0231,2,2
201606,0.0853,2,2
201607,-0.0021,2,2
201608,0.0679,2,2
201609,-0.0014,2,2
201610,0.0464,2,2
201611,0.0307,2,2
201612,-0.0419,2,2
201701,-0.0276,2,2
201702,0.0343,2,2
201703,-0.0307,2,2
201704,-0.0515,2,2
201705,-0.0789,2,2
201706,0.0214,2,2
201707,-0.0147,2,2
201708,0.0244,2,2
201709,0.037,2,2
201710,-0.0291,2,2
201711,-0.0843,2,2
201712,-0.0377,2,2
201801,-0.0528,2,2
201802,-0.045,2,2
201803,0.0609,2,2
201804,-0.0333,2,2
201805,-0.0223,2,2
201806,-0.1446,2,2
201807,0.0161,2,2
201808,-0.0751,2,2
201809,-0.0118,2,2
200801,-0.0441,2,3
200802,0.1541,2,3
200803,-0.1977,2,3
200804,-0.0568,2,3
200805,-0.0095,2,3
200806,-0.2719,2,3
200807,0.1172,2,3
200808,-0.2342,2,3
200809,-0.1047,2,3
200810,-0.2518,2,3
200811,0.2126,2,3
200812,0.0769,2,3
200901,0.155,2,3
200902,0.0869,2,3
200903,0.23,2,3
200904,0.0993,2,3
200905,0.0589,2,3
200906,0.0356,2,3
200907,0.1223,2,3
200908,-0.1297,2,3
200909,0.02,2,3
200910,0.1252,2,3
200911,0.1505,2,3
200912,0.0248,2,3
201001,-0.0124,2,3
201002,0.0602,2,3
201003,0.0493,2,3
201004,-0.0249,2,3
201005,-0.0819,2,3
201006,-0.1018,2,3
201007,0.1592,2,3
201008,0.0938,2,3
201009,0.027,2,3
201010,0.0899,2,3
201011,0.062,2,3
201012,-0.0224,2,3
201101,-0.0661,2,3
201102,0.1089,2,3
201103,0.0302,2,3
201104,-0.0351,2,3
201105,-0.0774,2,3
201106,0.0229,2,3
201107,0.0154,2,3
201108,-0.0394,2,3
201109,-0.1288,2,3
201110,0.0341,2,3
201111,-0.049,2,3
201112,-0.1628,2,3
201201,0.0113,2,3
201202,0.116,2,3
201203,-0.0756,2,3
201204,0.0766,2,3
201205,0.0169,2,3
201206,-0.0898,2,3
201207,-0.0988,2,3
201208,0.0401,2,3
201209,-0.0016,2,3
201210,0.0016,2,3
201211,-0.1235,2,3
201212,0.1539,2,3
201301,0.0921,2,3
201302,0.0532,2,3
201303,-0.0101,2,3
201304,-0.0287,2,3
201305,0.1687,2,3
201306,-0.1266,2,3
201307,0.0899,2,3
201308,0.1045,2,3
201309,0.0514,2,3
201310,-0.0258,2,3
201311,0.074,2,3
201312,-0.0373,2,3
201401,0.0498,2,3
201402,0.0321,2,3
201403,-0.0351,2,3
201404,-0.0261,2,3
201405,0.0265,2,3
201406,0.0526,2,3
201407,0.0953,2,3
201408,0.0621,2,3
201409,0.1781,2,3
201410,0.0136,2,3
201411,0.0627,2,3
201412,-0.0808,2,3
201501,0.0989,2,3
201502,0.0971,2,3
201503,0.243,2,3
201504,0.1858,2,3
201505,0.2886,2,3
201506,-0.1205,2,3
201507,-0.2185,2,3
201508,-0.1148,2,3
201509,-0.0068,2,3
201510,0.242,2,3
201511,0.1505,2,3
201512,0.082,2,3
201601,-0.3059,2,3
201602,-0.0246,2,3
201603,0.2075,2,3
201604,0.0084,2,3
201605,-0.0358,2,3
201606,0.0713,2,3
201607,-0.0127,2,3
201608,0.034,2,3
201609,0.0224,2,3
201610,0.0381,2,3
201611,0.0574,2,3
201612,-0.0351,2,3
201701,-0.052,2,3
201702,0.0365,2,3
201703,-0.0394,2,3
201704,-0.0798,2,3
201705,-0.0925,2,3
201706,0.0388,2,3
201707,-0.0097,2,3
201708,0.0154,2,3
201709,0.0146,2,3
201710,-0.0356,2,3
201711,-0.0954,2,3
201712,-0.0192,2,3
201801,-0.0444,2,3
201802,-0.0466,2,3
201803,0.0595,2,3
201804,-0.0546,2,3
201805,-0.0147,2,3
201806,-0.1092,2,3
201807,0.014,2,3
201808,-0.0779,2,3
201809,0.0012,2,3
200801,-0.0693,2,4
200802,0.1265,2,4
200803,-0.1682,2,4
200804,-0.0766,2,4
200805,-0.0128,2,4
200806,-0.2914,2,4
200807,0.1127,2,4
200808,-0.2459,2,4
200809,-0.0907,2,4
200810,-0.2577,2,4
200811,0.2473,2,4
200812,0.0215,2,4
200901,0.1726,2,4
200902,0.0861,2,4
200903,0.2541,2,4
200904,0.0958,2,4
200905,0.1203,2,4
200906,0.0709,2,4
200907,0.1216,2,4
200908,-0.1614,2,4
200909,0.0054,2,4
200910,0.1189,2,4
200911,0.1847,2,4
200912,0.0353,2,4
201001,-0.0028,2,4
201002,0.0822,2,4
201003,0.0395,2,4
201004,-0.0871,2,4
201005,-0.0981,2,4
201006,-0.0969,2,4
201007,0.1589,2,4
201008,0.0934,2,4
201009,0.0194,2,4
201010,0.0869,2,4
201011,-0.0044,2,4
201012,-0.0055,2,4
201101,-0.0541,2,4
201102,0.1189,2,4
201103,0.0011,2,4
201104,-0.0376,2,4
201105,-0.066,2,4
201106,0.0215,2,4
201107,0.0118,2,4
201108,-0.0195,2,4
201109,-0.1254,2,4
201110,0.0286,2,4
201111,-0.0502,2,4
201112,-0.1732,2,4
201201,0.0108,2,4
201202,0.1333,2,4
201203,-0.0656,2,4
201204,0.0985,2,4
201205,0.0247,2,4
201206,-0.0913,2,4
201207,-0.0908,2,4
201208,0.0343,2,4
201209,-0.0062,2,4
201210,0.014,2,4
201211,-0.1104,2,4
201212,0.1507,2,4
201301,0.0703,2,4
201302,0.0505,2,4
201303,-0.021,2,4
201304,-0.0334,2,4
201305,0.1905,2,4
201306,-0.1516,2,4
201307,0.0625,2,4
201308,0.0826,2,4
201309,0.0563,2,4
201310,-0.0523,2,4
201311,0.0822,2,4
201312,-0.0327,2,4
201401,0.037,2,4
201402,0.0597,2,4
201403,-0.0489,2,4
201404,-0.0296,2,4
201405,0.024,2,4
201406,0.0507,2,4
201407,0.085,2,4
201408,0.0778,2,4
201409,0.1713,2,4
201410,0.0167,2,4
201411,0.0419,2,4
201412,-0.0691,2,4
201501,0.0632,2,4
201502,0.0777,2,4
201503,0.2718,2,4
201504,0.1656,2,4
201505,0.2319,2,4
201506,-0.0814,2,4
201507,-0.2157,2,4
201508,-0.1733,2,4
201509,-0.0333,2,4
201510,0.2434,2,4
201511,0.143,2,4
201512,0.0725,2,4
201601,-0.2972,2,4
201602,-0.0129,2,4
201603,0.1906,2,4
201604,0.0011,2,4
201605,-0.0152,2,4
201606,0.0608,2,4
201607,0.0015,2,4
201608,0.0693,2,4
201609,0.0074,2,4
201610,0.0452,2,4
201611,0.0316,2,4
201612,-0.0188,2,4
201701,-0.0113,2,4
201702,0.0375,2,4
201703,-0.0183,2,4
201704,-0.0594,2,4
201705,-0.0805,2,4
201706,0.0352,2,4
201707,0.0145,2,4
201708,0.0227,2,4
201709,0.0041,2,4
201710,-0.0366,2,4
201711,-0.0653,2,4
201712,-0.0066,2,4
201801,-0.0349,2,4
201802,-0.0387,2,4
201803,0.0261,2,4
201804,-0.0405,2,4
201805,-0.0161,2,4
201806,-0.0986,2,4
201807,0.0085,2,4
201808,-0.0599,2,4
201809,-0.003,2,4
200801,-0.0544,2,5
200802,0.1303,2,5
200803,-0.2001,2,5
200804,-0.0893,2,5
200805,-0.0308,2,5
200806,-0.2525,2,5
200807,0.1125,2,5
200808,-0.2309,2,5
200809,-0.0634,2,5
200810,-0.2575,2,5
200811,0.2096,2,5
200812,0.0248,2,5
200901,0.1554,2,5
200902,0.1152,2,5
200903,0.2294,2,5
200904,0.0632,2,5
200905,0.0906,2,5
200906,0.0612,2,5
200907,0.1508,2,5
200908,-0.1394,2,5
200909,0.0236,2,5
200910,0.1182,2,5
200911,0.1654,2,5
200912,0.0533,2,5
201001,-0.0172,2,5
201002,0.0846,2,5
201003,0.016,2,5
201004,-0.0852,2,5
201005,-0.0957,2,5
201006,-0.1081,2,5
201007,0.1602,2,5
201008,0.0917,2,5
201009,-0.0059,2,5
201010,0.1034,2,5
201011,-0.0113,2,5
201012,-0.0117,2,5
201101,-0.026,2,5
201102,0.0963,2,5
201103,0.0008,2,5
201104,-0.0256,2,5
201105,-0.0738,2,5
201106,0.0443,2,5
201107,-0.0199,2,5
201108,-0.0279,2,5
201109,-0.1293,2,5
201110,0.0564,2,5
201111,-0.0677,2,5
201112,-0.1301,2,5
201201,-0.0273,2,5
201202,0.1227,2,5
201203,-0.055,2,5
201204,0.0907,2,5
201205,0.0037,2,5
201206,-0.0629,2,5
201207,-0.1061,2,5
201208,0.0128,2,5
201209,-0.0047,2,5
201210,0.0156,2,5
201211,-0.0933,2,5
201212,0.1695,2,5
201301,0.0576,2,5
201302,0.0415,2,5
201303,-0.0606,2,5
201304,-0.0204,2,5
201305,0.1853,2,5
201306,-0.1261,2,5
201307,0.0686,2,5
201308,0.0745,2,5
201309,0.0812,2,5
201310,-0.0223,2,5
201311,0.1178,2,5
201312,-0.02,2,5
201401,0.0478,2,5
201402,0.0251,2,5
201403,-0.0471,2,5
201404,-0.0061,2,5
201405,0.0257,2,5
201406,0.0366,2,5
201407,0.0761,2,5
201408,0.0727,2,5
201409,0.1402,2,5
201410,0.0115,2,5
201411,0.0427,2,5
201412,-0.0201,2,5
201501,0.0575,2,5
201502,0.0798,2,5
201503,0.2276,2,5
201504,0.1663,2,5
201505,0.277,2,5
201506,-0.1136,2,5
201507,-0.2055,2,5
201508,-0.1332,2,5
201509,-0.1133,2,5
201510,0.195,2,5
201511,0.0743,2,5
201512,0.1016,2,5
201601,-0.3115,2,5
201602,-0.026,2,5
201603,0.177,2,5
201604,0.0099,2,5
201605,-0.0497,2,5
201606,0.053,2,5
201607,0.0248,2,5
201608,0.0714,2,5
201609,0.0073,2,5
201610,0.0418,2,5
201611,0.0231,2,5
201612,-0.0255,2,5
201701,-0.0087,2,5
201702,0.0581,2,5
201703,-0.0126,2,5
201704,-0.0421,2,5
201705,-0.0948,2,5
201706,0.0639,2,5
201707,0.0365,2,5
201708,0.019,2,5
201709,0.019,2,5
201710,-0.0261,2,5
201711,-0.0641,2,5
201712,-0.0029,2,5
201801,-0.0298,2,5
201802,-0.0378,2,5
201803,0.0466,2,5
201804,-0.0364,2,5
201805,-0.0276,2,5
201806,-0.0732,2,5
201807,0.0109,2,5
201808,-0.058,2,5
201809,-0.0048,2,5
200801,0.0367,3,1
200802,0.0111,3,1
200803,-0.184,3,1
200804,-0.0257,3,1
200805,0.005,3,1
200806,-0.2354,3,1
200807,0.0792,3,1
200808,-0.2413,3,1
200809,-0.0911,3,1
200810,-0.2715,3,1
200811,0.1988,3,1
200812,0.0971,3,1
200901,0.1685,3,1
200902,0.0784,3,1
200903,0.2563,3,1
200904,0.0211,3,1
200905,0.0822,3,1
200906,0.0367,3,1
200907,0.1366,3,1
200908,-0.1317,3,1
200909,0.0375,3,1
200910,0.1321,3,1
200911,0.1495,3,1
200912,0.007,3,1
201001,0.0115,3,1
201002,0.0557,3,1
201003,0.033,3,1
201004,-0.038,3,1
201005,-0.0522,3,1
201006,-0.1122,3,1
201007,0.1465,3,1
201008,0.1225,3,1
201009,0.0368,3,1
201010,0.1117,3,1
201011,0.0068,3,1
201012,-0.0344,3,1
201101,-0.0709,3,1
201102,0.1107,3,1
201103,-0.02,3,1
201104,-0.0403,3,1
201105,-0.0695,3,1
201106,0.0323,3,1
201107,0.048,3,1
201108,-0.0241,3,1
201109,-0.1259,3,1
201110,0.0306,3,1
201111,-0.0231,3,1
201112,-0.1854,3,1
201201,-0.0122,3,1
201202,0.132,3,1
201203,-0.0627,3,1
201204,0.0591,3,1
201205,0.0239,3,1
201206,-0.0419,3,1
201207,-0.1106,3,1
201208,0.0437,3,1
201209,-0.0055,3,1
201210,-0.003,3,1
201211,-0.1289,3,1
201212,0.1463,3,1
201301,0.0845,3,1
201302,0.0259,3,1
201303,-0.0387,3,1
201304,-0.0312,3,1
201305,0.1707,3,1
201306,-0.1793,3,1
201307,0.0708,3,1
201308,0.0804,3,1
201309,0.0396,3,1
201310,-0.0326,3,1
201311,0.0761,3,1
201312,-0.0353,3,1
201401,0.0219,3,1
201402,0.0521,3,1
201403,-0.0418,3,1
201404,-0.0176,3,1
201405,0.0227,3,1
201406,0.0504,3,1
201407,0.0843,3,1
201408,0.049,3,1
201409,0.1471,3,1
201410,0.0212,3,1
201411,0.0097,3,1
201412,-0.0588,3,1
201501,0.0663,3,1
201502,0.0817,3,1
201503,0.1978,3,1
201504,0.1621,3,1
201505,0.3182,3,1
201506,-0.1313,3,1
201507,-0.1742,3,1
201508,-0.1587,3,1
201509,-0.0324,3,1
201510,0.2761,3,1
201511,0.1058,3,1
201512,0.0764,3,1
201601,-0.3184,3,1
201602,-0.0314,3,1
201603,0.1849,3,1
201604,-0.008,3,1
201605,-0.0039,3,1
201606,0.0573,3,1
201607,-0.0487,3,1
201608,0.0534,3,1
201609,-0.0249,3,1
201610,0.0242,3,1
201611,0.0129,3,1
201612,-0.0779,3,1
201701,-0.0339,3,1
201702,0.0385,3,1
201703,-0.0329,3,1
201704,-0.0741,3,1
201705,-0.0932,3,1
201706,0.0319,3,1
201707,-0.0074,3,1
201708,0.0203,3,1
201709,0.0055,3,1
201710,-0.0244,3,1
201711,-0.0733,3,1
201712,-0.0323,3,1
201801,-0.0527,3,1
201802,-0.0378,3,1
201803,0.0711,3,1
201804,-0.0465,3,1
201805,-0.0679,3,1
201806,-0.1253,3,1
201807,-0.0023,3,1
201808,-0.0879,3,1
201809,-0.015,3,1
200801,-0.0837,3,2
200802,0.0574,3,2
200803,-0.2078,3,2
200804,-0.0732,3,2
200805,-0.0292,3,2
200806,-0.2743,3,2
200807,0.0813,3,2
200808,-0.2265,3,2
200809,-0.0703,3,2
200810,-0.2671,3,2
200811,0.2201,3,2
200812,0.065,3,2
200901,0.1773,3,2
200902,0.0837,3,2
200903,0.2085,3,2
200904,0.084,3,2
200905,0.0677,3,2
200906,0.0533,3,2
200907,0.1479,3,2
200908,-0.145,3,2
200909,-0.0064,3,2
200910,0.1052,3,2
200911,0.14,3,2
200912,0.0337,3,2
201001,-0.0203,3,2
201002,0.0961,3,2
201003,0.0677,3,2
201004,-0.0509,3,2
201005,-0.0766,3,2
201006,-0.1075,3,2
201007,0.1606,3,2
201008,0.1051,3,2
201009,0.0272,3,2
201010,0.0641,3,2
201011,0.0239,3,2
201012,-0.0242,3,2
201101,-0.0833,3,2
201102,0.1242,3,2
201103,0.0053,3,2
201104,-0.018,3,2
201105,-0.0768,3,2
201106,0.0236,3,2
201107,0.0208,3,2
201108,-0.0311,3,2
201109,-0.132,3,2
201110,0.0459,3,2
201111,-0.0365,3,2
201112,-0.1617,3,2
201201,-0.0143,3,2
201202,0.1183,3,2
201203,-0.0682,3,2
201204,0.0781,3,2
201205,0.0054,3,2
201206,-0.0601,3,2
201207,-0.0773,3,2
201208,0.0107,3,2
201209,0.0105,3,2
201210,-0.0081,3,2
201211,-0.1359,3,2
201212,0.151,3,2
201301,0.0741,3,2
201302,0.0413,3,2
201303,-0.0301,3,2
201304,-0.0356,3,2
201305,0.1507,3,2
201306,-0.1587,3,2
201307,0.1004,3,2
201308,0.0898,3,2
201309,0.0326,3,2
201310,-0.0306,3,2
201311,0.0734,3,2
201312,-0.0188,3,2
201401,0.0258,3,2
201402,0.0491,3,2
201403,-0.0386,3,2
201404,-0.0273,3,2
201405,0.0278,3,2
201406,0.0285,3,2
201407,0.0654,3,2
201408,0.0772,3,2
201409,0.133,3,2
201410,0.0138,3,2
201411,0.0456,3,2
201412,-0.0924,3,2
201501,0.115,3,2
201502,0.1066,3,2
201503,0.2983,3,2
201504,0.1996,3,2
201505,0.3211,3,2
201506,-0.1283,3,2
201507,-0.2152,3,2
201508,-0.1515,3,2
201509,-0.0184,3,2
201510,0.23,3,2
201511,0.0943,3,2
201512,0.0872,3,2
201601,-0.318,3,2
201602,-0.0575,3,2
201603,0.2092,3,2
201604,0.0022,3,2
201605,0.0027,3,2
201606,0.075,3,2
201607,-0.0285,3,2
201608,0.0567,3,2
201609,-0.0179,3,2
201610,0.0251,3,2
201611,0.0163,3,2
201612,-0.0444,3,2
201701,-0.0256,3,2
201702,0.03,3,2
201703,-0.0276,3,2
201704,-0.0778,3,2
201705,-0.0774,3,2
201706,0.0155,3,2
201707,0.0055,3,2
201708,0.0592,3,2
201709,0.0239,3,2
201710,-0.0509,3,2
201711,-0.0534,3,2
201712,-0.0217,3,2
201801,-0.0437,3,2
201802,-0.0446,3,2
201803,0.0608,3,2
201804,-0.0514,3,2
201805,-0.0438,3,2
201806,-0.1366,3,2
201807,0.0125,3,2
201808,-0.0707,3,2
201809,-0.0162,3,2
200801,-0.0485,3,3
200802,0.1211,3,3
200803,-0.2121,3,3
200804,-0.0255,3,3
200805,-0.0048,3,3
200806,-0.2656,3,3
200807,0.0987,3,3
200808,-0.1962,3,3
200809,-0.0766,3,3
200810,-0.2513,3,3
200811,0.1786,3,3
200812,0.0541,3,3
200901,0.1419,3,3
200902,0.0724,3,3
200903,0.2017,3,3
200904,0.0528,3,3
200905,0.0563,3,3
200906,0.0455,3,3
200907,0.1328,3,3
200908,-0.1788,3,3
200909,0.0428,3,3
200910,0.0994,3,3
200911,0.1701,3,3
200912,0.03,3,3
201001,-0.0233,3,3
201002,0.0713,3,3
201003,0.0269,3,3
201004,-0.0385,3,3
201005,-0.0602,3,3
201006,-0.1073,3,3
201007,0.1618,3,3
201008,0.1116,3,3
201009,0.0418,3,3
201010,0.0826,3,3
201011,-0.0159,3,3
201012,-0.0252,3,3
201101,-0.0574,3,3
201102,0.1087,3,3
201103,0.0258,3,3
201104,-0.0343,3,3
201105,-0.0696,3,3
201106,0.0416,3,3
201107,0.0251,3,3
201108,-0.0433,3,3
201109,-0.1195,3,3
201110,0.0407,3,3
201111,-0.0422,3,3
201112,-0.1813,3,3
201201,0.0098,3,3
201202,0.1226,3,3
201203,-0.0614,3,3
201204,0.1065,3,3
201205,0.0287,3,3
201206,-0.0809,3,3
201207,-0.0886,3,3
201208,0.0151,3,3
201209,0.0234,3,3
201210,-0.0152,3,3
201211,-0.133,3,3
201212,0.1597,3,3
201301,0.0747,3,3
201302,0.0536,3,3
201303,-0.0201,3,3
201304,0.0024,3,3
201305,0.1261,3,3
201306,-0.1283,3,3
201307,0.0755,3,3
201308,0.1266,3,3
201309,0.0428,3,3
201310,-0.018,3,3
201311,0.0848,3,3
201312,-0.0292,3,3
201401,0.0187,3,3
201402,0.059,3,3
201403,-0.0177,3,3
201404,-0.0269,3,3
201405,0.022,3,3
201406,0.0394,3,3
201407,0.0838,3,3
201408,0.0536,3,3
201409,0.1557,3,3
201410,0.0249,3,3
201411,0.055,3,3
201412,-0.0657,3,3
201501,0.0801,3,3
201502,0.0594,3,3
201503,0.2311,3,3
201504,0.1618,3,3
201505,0.2493,3,3
201506,-0.1125,3,3
201507,-0.2268,3,3
201508,-0.1542,3,3
201509,-0.0458,3,3
201510,0.2465,3,3
201511,0.0822,3,3
201512,0.0689,3,3
201601,-0.3303,3,3
201602,-0.0156,3,3
201603,0.2196,3,3
201604,-0.0287,3,3
201605,-0.0071,3,3
201606,0.067,3,3
201607,-0.0115,3,3
201608,0.0438,3,3
201609,-0.0064,3,3
201610,0.0273,3,3
201611,0.0053,3,3
201612,-0.0555,3,3
201701,-0.0331,3,3
201702,0.0409,3,3
201703,-0.0138,3,3
201704,-0.0615,3,3
201705,-0.0591,3,3
201706,0.0362,3,3
201707,-0.0099,3,3
201708,0.0276,3,3
201709,0.0292,3,3
201710,-0.0308,3,3
201711,-0.0682,3,3
201712,-0.0135,3,3
201801,-0.0349,3,3
201802,-0.0487,3,3
201803,0.0323,3,3
201804,-0.037,3,3
201805,-0.0127,3,3
201806,-0.1518,3,3
201807,0.0099,3,3
201808,-0.0682,3,3
201809,-0.0174,3,3
200801,-0.0522,3,4
200802,0.1038,3,4
200803,-0.2098,3,4
200804,-0.0279,3,4
200805,-0.0129,3,4
200806,-0.2539,3,4
200807,0.1137,3,4
200808,-0.2208,3,4
200809,-0.0892,3,4
200810,-0.2316,3,4
200811,0.2172,3,4
200812,0.0229,3,4
200901,0.1879,3,4
200902,0.0815,3,4
200903,0.2019,3,4
200904,0.0984,3,4
200905,0.0456,3,4
200906,0.0598,3,4
200907,0.1359,3,4
200908,-0.1597,3,4
200909,0.0505,3,4
200910,0.1053,3,4
200911,0.1538,3,4
200912,0.0239,3,4
201001,-0.0269,3,4
201002,0.068,3,4
201003,0.0457,3,4
201004,-0.0907,3,4
201005,-0.0991,3,4
201006,-0.0871,3,4
201007,0.1666,3,4
201008,0.0912,3,4
201009,0.0117,3,4
201010,0.1278,3,4
201011,0.0064,3,4
201012,-0.0256,3,4
201101,-0.051,3,4
201102,0.1257,3,4
201103,-0.0243,3,4
201104,-0.0256,3,4
201105,-0.071,3,4
201106,0.0432,3,4
201107,-0.0044,3,4
201108,-0.0531,3,4
201109,-0.1196,3,4
201110,0.0349,3,4
201111,-0.0611,3,4
201112,-0.1633,3,4
201201,0.0043,3,4
201202,0.1321,3,4
201203,-0.0741,3,4
201204,0.1327,3,4
201205,0.0019,3,4
201206,-0.0842,3,4
201207,-0.0769,3,4
201208,0.0153,3,4
201209,0.0106,3,4
201210,0.0358,3,4
201211,-0.1009,3,4
201212,0.1341,3,4
201301,0.0915,3,4
201302,0.0377,3,4
201303,-0.0184,3,4
201304,-0.0209,3,4
201305,0.0976,3,4
201306,-0.1519,3,4
201307,0.0513,3,4
201308,0.1205,3,4
201309,0.0493,3,4
201310,-0.039,3,4
201311,0.0947,3,4
201312,-0.0309,3,4
201401,0.032,3,4
201402,0.038,3,4
201403,-0.0292,3,4
201404,-0.015,3,4
201405,0.0285,3,4
201406,0.0376,3,4
201407,0.0954,3,4
201408,0.0439,3,4
201409,0.1459,3,4
201410,0.0219,3,4
201411,0.0547,3,4
201412,-0.0399,3,4
201501,0.0661,3,4
201502,0.0869,3,4
201503,0.225,3,4
201504,0.1747,3,4
201505,0.2682,3,4
201506,-0.0897,3,4
201507,-0.2084,3,4
201508,-0.143,3,4
201509,-0.0687,3,4
201510,0.2285,3,4
201511,0.0688,3,4
201512,0.0622,3,4
201601,-0.2976,3,4
201602,-0.0101,3,4
201603,0.1666,3,4
201604,-0.0146,3,4
201605,-0.0144,3,4
201606,0.0549,3,4
201607,0.0184,3,4
201608,0.0611,3,4
201609,-0.0185,3,4
201610,0.0459,3,4
201611,0.0167,3,4
201612,-0.04,3,4
201701,-0.0124,3,4
201702,0.03,3,4
201703,-0.0182,3,4
201704,-0.0562,3,4
201705,-0.0734,3,4
201706,0.0483,3,4
201707,0.0124,3,4
201708,0.0245,3,4
201709,-0.005,3,4
201710,-0.0215,3,4
201711,-0.0631,3,4
201712,-0.0323,3,4
201801,-0.0318,3,4
201802,-0.0445,3,4
201803,0.0362,3,4
201804,-0.0514,3,4
201805,-0.0207,3,4
201806,-0.1095,3,4
201807,0.0022,3,4
201808,-0.0796,3,4
201809,-0.0027,3,4
200801,-0.0924,3,5
200802,0.1005,3,5
200803,-0.2017,3,5
200804,-0.0148,3,5
200805,-0.0193,3,5
200806,-0.2565,3,5
200807,0.0949,3,5
200808,-0.223,3,5
200809,-0.0633,3,5
200810,-0.2545,3,5
200811,0.1847,3,5
200812,0.0331,3,5
200901,0.1659,3,5
200902,0.1153,3,5
200903,0.2113,3,5
200904,0.1196,3,5
200905,0.0366,3,5
200906,0.0753,3,5
200907,0.1849,3,5
200908,-0.1751,3,5
200909,0.0277,3,5
200910,0.1496,3,5
200911,0.1326,3,5
200912,0.053,3,5
201001,-0.0487,3,5
201002,0.0686,3,5
201003,0.0097,3,5
201004,-0.1039,3,5
201005,-0.0922,3,5
201006,-0.1151,3,5
201007,0.1546,3,5
201008,0.0448,3,5
201009,-0.014,3,5
201010,0.1148,3,5
201011,-0.0375,3,5
201012,0.0125,3,5
201101,-0.0653,3,5
201102,0.0982,3,5
201103,0.0333,3,5
201104,-0.0209,3,5
201105,-0.1001,3,5
201106,0.0502,3,5
201107,-0.0024,3,5
201108,-0.0444,3,5
201109,-0.117,3,5
201110,0.0237,3,5
201111,-0.0519,3,5
201112,-0.1408,3,5
201201,0.0157,3,5
201202,0.111,3,5
201203,-0.0876,3,5
201204,0.0858,3,5
201205,0.0049,3,5
201206,-0.0825,3,5
201207,-0.0709,3,5
201208,-0.0059,3,5
201209,0.0173,3,5
201210,0.0174,3,5
201211,-0.1094,3,5
201212,0.1756,3,5
201301,0.0454,3,5
201302,0.0158,3,5
201303,-0.0794,3,5
201304,-0.0168,3,5
201305,0.1011,3,5
201306,-0.168,3,5
201307,0.0515,3,5
201308,0.0897,3,5
201309,0.0583,3,5
201310,-0.0125,3,5
201311,0.0661,3,5
201312,-0.0352,3,5
201401,-0.0018,3,5
201402,0.0244,3,5
201403,-0.0291,3,5
201404,-0.0166,3,5
201405,0.0206,3,5
201406,0.0258,3,5
201407,0.0855,3,5
201408,0.0494,3,5
201409,0.1656,3,5
201410,0.0172,3,5
201411,0.0639,3,5
201412,0.0114,3,5
201501,0.036,3,5
201502,0.0373,3,5
201503,0.2171,3,5
201504,0.1713,3,5
201505,0.1462,3,5
201506,-0.0884,3,5
201507,-0.1641,3,5
201508,-0.1622,3,5
201509,-0.0554,3,5
201510,0.1598,3,5
201511,0.0958,3,5
201512,0.0449,3,5
201601,-0.2884,3,5
201602,-0.0175,3,5
201603,0.1636,3,5
201604,-0.022,3,5
201605,-0.0104,3,5
201606,0.0476,3,5
201607,0.0206,3,5
201608,0.0427,3,5
201609,0.0109,3,5
201610,0.0259,3,5
201611,0.0407,3,5
201612,-0.0135,3,5
201701,0.0042,3,5
201702,0.0375,3,5
201703,-0.0108,3,5
201704,-0.0529,3,5
201705,-0.0629,3,5
201706,0.0462,3,5
201707,0.0443,3,5
201708,0.0328,3,5
201709,0.0112,3,5
201710,-0.0307,3,5
201711,-0.0442,3,5
201712,-0.0349,3,5
201801,-0.0039,3,5
201802,-0.0518,3,5
201803,-0.0085,3,5
201804,-0.0259,3,5
201805,-0.0061,3,5
201806,-0.0879,3,5
201807,0.0075,3,5
201808,-0.0709,3,5
201809,0.0029,3,5
200801,-0.0652,4,1
200802,0.0484,4,1
200803,-0.2294,4,1
200804,-0.003,4,1
200805,-0.0461,4,1
200806,-0.2155,4,1
200807,0.0667,4,1
200808,-0.2547,4,1
200809,-0.0687,4,1
200810,-0.2591,4,1
200811,0.1658,4,1
200812,0.0638,4,1
200901,0.1437,4,1
200902,0.067,4,1
200903,0.1918,4,1
200904,0.0408,4,1
200905,0.0765,4,1
200906,0.0429,4,1
200907,0.104,4,1
200908,-0.1138,4,1
200909,0.0552,4,1
200910,0.1178,4,1
200911,0.1566,4,1
200912,0.0174,4,1
201001,-0.0213,4,1
201002,0.0532,4,1
201003,0.0042,4,1
201004,-0.0184,4,1
201005,-0.0535,4,1
201006,-0.1014,4,1
201007,0.1391,4,1
201008,0.1154,4,1
201009,0.0153,4,1
201010,0.0708,4,1
201011,0.0318,4,1
201012,-0.0586,4,1
201101,-0.0957,4,1
201102,0.1128,4,1
201103,-0.0198,4,1
201104,-0.0358,4,1
201105,-0.0834,4,1
201106,0.0307,4,1
201107,0.0222,4,1
201108,-0.0121,4,1
201109,-0.1476,4,1
201110,0.0549,4,1
201111,-0.0154,4,1
201112,-0.1644,4,1
201201,-0.0277,4,1
201202,0.128,4,1
201203,-0.075,4,1
201204,0.0526,4,1
201205,0.0508,4,1
201206,-0.0531,4,1
201207,-0.0892,4,1
201208,0.0237,4,1
201209,0.027,4,1
201210,-0.0137,4,1
201211,-0.1314,4,1
201212,0.1588,4,1
201301,0.0792,4,1
201302,0.0545,4,1
201303,-0.0057,4,1
201304,-0.0169,4,1
201305,0.1612,4,1
201306,-0.1359,4,1
201307,0.0806,4,1
201308,0.058,4,1
201309,0.0602,4,1
201310,-0.0515,4,1
201311,0.0441,4,1
201312,-0.025,4,1
201401,0.0108,4,1
201402,0.0252,4,1
201403,-0.0164,4,1
201404,-0.0442,4,1
201405,0.0273,4,1
201406,0.0318,4,1
201407,0.0413,4,1
201408,0.0687,4,1
201409,0.0927,4,1
201410,-0.0006,4,1
201411,0.0318,4,1
201412,-0.0878,4,1
201501,0.1324,4,1
201502,0.1044,4,1
201503,0.2869,4,1
201504,0.1424,4,1
201505,0.3184,4,1
201506,-0.1575,4,1
201507,-0.1855,4,1
201508,-0.194,4,1
201509,0.0025,4,1
201510,0.196,4,1
201511,0.0807,4,1
201512,0.0392,4,1
201601,-0.3238,4,1
201602,-0.0268,4,1
201603,0.1973,4,1
201604,-0.0367,4,1
201605,0.0073,4,1
201606,0.0793,4,1
201607,-0.0539,4,1
201608,0.0213,4,1
201609,-0.0367,4,1
201610,0.0247,4,1
201611,0.0021,4,1
201612,-0.0801,4,1
201701,-0.0384,4,1
201702,0.0272,4,1
201703,-0.0327,4,1
201704,-0.071,4,1
201705,-0.0822,4,1
201706,0.047,4,1
201707,-0.0215,4,1
201708,0.045,4,1
201709,0.0365,4,1
201710,-0.0197,4,1
201711,-0.0777,4,1
201712,-0.0179,4,1
201801,-0.0492,4,1
201802,-0.0364,4,1
201803,0.0744,4,1
201804,-0.0214,4,1
201805,-0.0339,4,1
201806,-0.1018,4,1
201807,-0.0175,4,1
201808,-0.1047,4,1
201809,-0.0281,4,1
200801,-0.0784,4,2
200802,0.0542,4,2
200803,-0.2248,4,2
200804,-0.0276,4,2
200805,-0.0213,4,2
200806,-0.2452,4,2
200807,0.0643,4,2
200808,-0.2405,4,2
200809,-0.0737,4,2
200810,-0.2698,4,2
200811,0.187,4,2
200812,0.055,4,2
200901,0.1435,4,2
200902,0.1006,4,2
200903,0.1983,4,2
200904,0.0422,4,2
200905,0.0524,4,2
200906,0.0615,4,2
200907,0.1209,4,2
200908,-0.1393,4,2
200909,0.0481,4,2
200910,0.1062,4,2
200911,0.1425,4,2
200912,0.0092,4,2
201001,0.0113,4,2
201002,0.0492,4,2
201003,-0.0037,4,2
201004,-0.0331,4,2
201005,-0.0753,4,2
201006,-0.102,4,2
201007,0.1474,4,2
201008,0.1163,4,2
201009,0.0236,4,2
201010,0.1044,4,2
201011,-0.0157,4,2
201012,-0.0215,4,2
201101,-0.073,4,2
201102,0.1089,4,2
201103,-0.0287,4,2
201104,-0.0501,4,2
201105,-0.0775,4,2
201106,0.0439,4,2
201107,0.0159,4,2
201108,-0.0452,4,2
201109,-0.1227,4,2
201110,0.0315,4,2
201111,-0.0292,4,2
201112,-0.1534,4,2
201201,-0.0003,4,2
201202,0.1229,4,2
201203,-0.0699,4,2
201204,0.0686,4,2
201205,0.0066,4,2
201206,-0.079,4,2
201207,-0.105,4,2
201208,-0.0025,4,2
201209,0.0187,4,2
201210,-0.0126,4,2
201211,-0.115,4,2
201212,0.1542,4,2
201301,0.0655,4,2
201302,0.0501,4,2
201303,-0.0485,4,2
201304,-0.0084,4,2
201305,0.1679,4,2
201306,-0.1671,4,2
201307,0.0754,4,2
201308,0.077,4,2
201309,0.086,4,2
201310,-0.0503,4,2
201311,0.0725,4,2
201312,-0.0381,4,2
201401,0.02,4,2
201402,0.0456,4,2
201403,-0.0499,4,2
201404,-0.0105,4,2
201405,0.0325,4,2
201406,0.0396,4,2
201407,0.0572,4,2
201408,0.0338,4,2
201409,0.1223,4,2
201410,0.0127,4,2
201411,0.027,4,2
201412,-0.0692,4,2
201501,0.0994,4,2
201502,0.098,4,2
201503,0.2275,4,2
201504,0.1483,4,2
201505,0.3209,4,2
201506,-0.1379,4,2
201507,-0.1788,4,2
201508,-0.1799,4,2
201509,-0.0674,4,2
201510,0.2228,4,2
201511,0.0742,4,2
201512,0.0505,4,2
201601,-0.32,4,2
201602,-0.0318,4,2
201603,0.1781,4,2
201604,-0.0177,4,2
201605,0.0042,4,2
201606,0.0605,4,2
201607,-0.0237,4,2
201608,0.0314,4,2
201609,-0.0309,4,2
201610,0.0266,4,2
201611,0.0057,4,2
201612,-0.0561,4,2
201701,-0.0328,4,2
201702,0.04,4,2
201703,-0.0238,4,2
201704,-0.0631,4,2
201705,-0.0874,4,2
201706,0.0471,4,2
201707,-0.0144,4,2
201708,0.0398,4,2
201709,0.0142,4,2
201710,-0.0399,4,2
201711,-0.0553,4,2
201712,0.0047,4,2
201801,-0.0597,4,2
201802,-0.0119,4,2
201803,0.04,4,2
201804,-0.0388,4,2
201805,-0.0448,4,2
201806,-0.1128,4,2
201807,-0.0139,4,2
201808,-0.0836,4,2
201809,-0.008,4,2
200801,-0.06,4,3
200802,0.0895,4,3
200803,-0.2207,4,3
200804,-0.0258,4,3
200805,-0.0558,4,3
200806,-0.2611,4,3
200807,0.0772,4,3
200808,-0.233,4,3
200809,-0.0421,4,3
200810,-0.2861,4,3
200811,0.2012,4,3
200812,0.0205,4,3
200901,0.182,4,3
200902,0.1025,4,3
200903,0.2005,4,3
200904,0.0815,4,3
200905,0.0719,4,3
200906,0.0734,4,3
200907,0.1861,4,3
200908,-0.186,4,3
200909,0.0308,4,3
200910,0.1336,4,3
200911,0.1654,4,3
200912,0.0331,4,3
201001,-0.0573,4,3
201002,0.0635,4,3
201003,0.0428,4,3
201004,-0.0867,4,3
201005,-0.0972,4,3
201006,-0.0964,4,3
201007,0.1765,4,3
201008,0.0862,4,3
201009,0.0209,4,3
201010,0.1222,4,3
201011,-0.0034,4,3
201012,-0.0328,4,3
201101,-0.0465,4,3
201102,0.1314,4,3
201103,-0.0154,4,3
201104,-0.018,4,3
201105,-0.0727,4,3
201106,0.0429,4,3
201107,-0.0041,4,3
201108,-0.0304,4,3
201109,-0.1295,4,3
201110,0.0301,4,3
201111,-0.0565,4,3
201112,-0.1457,4,3
201201,0.0163,4,3
201202,0.1186,4,3
201203,-0.0709,4,3
201204,0.0772,4,3
201205,0.0167,4,3
201206,-0.0795,4,3
201207,-0.0992,4,3
201208,-0.0005,4,3
201209,0.0124,4,3
201210,-0.0151,4,3
201211,-0.1213,4,3
201212,0.1687,4,3
201301,0.0727,4,3
201302,0.0349,4,3
201303,-0.0509,4,3
201304,-0.0321,4,3
201305,0.1333,4,3
201306,-0.1609,4,3
201307,0.056,4,3
201308,0.122,4,3
201309,0.0505,4,3
201310,-0.0366,4,3
201311,0.0774,4,3
201312,-0.0422,4,3
201401,0.0303,4,3
201402,0.0246,4,3
201403,-0.0423,4,3
201404,-0.0131,4,3
201405,0.0284,4,3
201406,0.0374,4,3
201407,0.0855,4,3
201408,0.0667,4,3
201409,0.1099,4,3
201410,0.0125,4,3
201411,0.043,4,3
201412,0.0097,4,3
201501,0.0649,4,3
201502,0.0665,4,3
201503,0.228,4,3
201504,0.1327,4,3
201505,0.2013,4,3
201506,-0.1109,4,3
201507,-0.1562,4,3
201508,-0.1757,4,3
201509,-0.0786,4,3
201510,0.2025,4,3
201511,0.0808,4,3
201512,0.0493,4,3
201601,-0.3211,4,3
201602,-0.0147,4,3
201603,0.1865,4,3
201604,-0.0253,4,3
201605,-0.0038,4,3
201606,0.0492,4,3
201607,-0.0223,4,3
201608,0.0548,4,3
201609,-0.0268,4,3
201610,0.0188,4,3
201611,0.0065,4,3
201612,-0.064,4,3
201701,-0.0248,4,3
201702,0.0463,4,3
201703,-0.0116,4,3
201704,-0.0316,4,3
201705,-0.0748,4,3
201706,0.0469,4,3
201707,0.0014,4,3
201708,0.032,4,3
201709,0.0312,4,3
201710,-0.0233,4,3
201711,-0.0569,4,3
201712,-0.0163,4,3
201801,-0.0395,4,3
201802,-0.0127,4,3
201803,0.0228,4,3
201804,-0.0421,4,3
201805,-0.0327,4,3
201806,-0.1088,4,3
201807,0.0048,4,3
201808,-0.0773,4,3
201809,-0.0085,4,3
200801,-0.0643,4,4
200802,0.0667,4,4
200803,-0.1904,4,4
200804,-0.0414,4,4
200805,-0.0556,4,4
200806,-0.2385,4,4
200807,0.0994,4,4
200808,-0.2391,4,4
200809,-0.0897,4,4
200810,-0.2525,4,4
200811,0.148,4,4
200812,0.0182,4,4
200901,0.1663,4,4
200902,0.1158,4,4
200903,0.1941,4,4
200904,0.0325,4,4
200905,0.0751,4,4
200906,0.0577,4,4
200907,0.1704,4,4
200908,-0.1899,4,4
200909,0.0388,4,4
200910,0.1502,4,4
200911,0.1036,4,4
200912,0.0161,4,4
201001,-0.0463,4,4
201002,0.0487,4,4
201003,0.0167,4,4
201004,-0.0774,4,4
201005,-0.1072,4,4
201006,-0.1188,4,4
201007,0.1686,4,4
201008,0.0777,4,4
201009,0.0258,4,4
201010,0.1113,4,4
201011,-0.0134,4,4
201012,-0.0173,4,4
201101,-0.0377,4,4
201102,0.121,4,4
201103,-0.0208,4,4
201104,-0.0482,4,4
201105,-0.0775,4,4
201106,0.0193,4,4
201107,0.0181,4,4
201108,-0.0471,4,4
201109,-0.126,4,4
201110,0.0246,4,4
201111,-0.04,4,4
201112,-0.1407,4,4
201201,0.0103,4,4
201202,0.1272,4,4
201203,-0.084,4,4
201204,0.0832,4,4
201205,0.0242,4,4
201206,-0.0872,4,4
201207,-0.0947,4,4
201208,-0.0065,4,4
201209,0.0104,4,4
201210,0.0062,4,4
201211,-0.09,4,4
201212,0.1715,4,4
201301,0.0476,4,4
201302,0.0193,4,4
201303,-0.0412,4,4
201304,-0.0269,4,4
201305,0.1192,4,4
201306,-0.1726,4,4
201307,0.0225,4,4
201308,0.1008,4,4
201309,0.0417,4,4
201310,-0.0207,4,4
201311,0.0607,4,4
201312,-0.0232,4,4
201401,-0.0038,4,4
201402,0.0253,4,4
201403,-0.0248,4,4
201404,-0.039,4,4
201405,0.0041,4,4
201406,0.0301,4,4
201407,0.114,4,4
201408,0.0251,4,4
201409,0.1293,4,4
201410,0.0428,4,4
201411,0.089,4,4
201412,0.0389,4,4
201501,0.0431,4,4
201502,0.0915,4,4
201503,0.2073,4,4
201504,0.1725,4,4
201505,0.1714,4,4
201506,-0.0831,4,4
201507,-0.1957,4,4
201508,-0.1701,4,4
201509,-0.065,4,4
201510,0.1836,4,4
201511,0.041,4,4
201512,0.0303,4,4
201601,-0.2977,4,4
201602,-0.0001,4,4
201603,0.1567,4,4
201604,-0.0149,4,4
201605,-0.0264,4,4
201606,0.0415,4,4
201607,0.0039,4,4
201608,0.0308,4,4
201609,-0.0305,4,4
201610,0.0263,4,4
201611,0.0174,4,4
201612,-0.048,4,4
201701,-0.0143,4,4
201702,0.0333,4,4
201703,-0.0057,4,4
201704,-0.0266,4,4
201705,-0.0591,4,4
201706,0.0464,4,4
201707,0.0315,4,4
201708,0.0278,4,4
201709,0.0179,4,4
201710,-0.0203,4,4
201711,-0.0526,4,4
201712,-0.0075,4,4
201801,-0.0154,4,4
201802,-0.0269,4,4
201803,-0.0011,4,4
201804,-0.0356,4,4
201805,-0.0119,4,4
201806,-0.0974,4,4
201807,0.0017,4,4
201808,-0.0736,4,4
201809,-0.0027,4,4
200801,-0.104,4,5
200802,0.0741,4,5
200803,-0.2114,4,5
200804,-0.0508,4,5
200805,-0.0723,4,5
200806,-0.2775,4,5
200807,0.049,4,5
200808,-0.2157,4,5
200809,-0.0173,4,5
200810,-0.2472,4,5
200811,0.1439,4,5
200812,-0.001,4,5
200901,0.1275,4,5
200902,0.0926,4,5
200903,0.1922,4,5
200904,0.032,4,5
200905,0.0582,4,5
200906,0.0565,4,5
200907,0.2146,4,5
200908,-0.1998,4,5
200909,0.0344,4,5
200910,0.132,4,5
200911,0.1523,4,5
200912,-0.0145,4,5
201001,-0.0886,4,5
201002,0.0573,4,5
201003,0.0242,4,5
201004,-0.1018,4,5
201005,-0.1145,4,5
201006,-0.1064,4,5
201007,0.1422,4,5
201008,0.0572,4,5
201009,0.0033,4,5
201010,0.1314,4,5
201011,-0.0411,4,5
201012,0.0321,4,5
201101,-0.0016,4,5
201102,0.0625,4,5
201103,-0.0326,4,5
201104,-0.028,4,5
201105,-0.0805,4,5
201106,0.0176,4,5
201107,-0.0202,4,5
201108,-0.0542,4,5
201109,-0.115,4,5
201110,0.0329,4,5
201111,-0.062,4,5
201112,-0.1095,4,5
201201,0.033,4,5
201202,0.0973,4,5
201203,-0.0791,4,5
201204,0.0995,4,5
201205,-0.0022,4,5
201206,-0.0822,4,5
201207,-0.0785,4,5
201208,-0.0248,4,5
201209,0.0006,4,5
201210,0.0169,4,5
201211,-0.0414,4,5
201212,0.1489,4,5
201301,0.0243,4,5
201302,-0.0051,4,5
201303,-0.0603,4,5
201304,-0.0341,4,5
201305,0.0961,4,5
201306,-0.1408,4,5
201307,0.0232,4,5
201308,0.1111,4,5
201309,0.0572,4,5
201310,-0.049,4,5
201311,0.0603,4,5
201312,-0.054,4,5
201401,0.0228,4,5
201402,0.0012,4,5
201403,-0.0173,4,5
201404,-0.057,4,5
201405,0.0294,4,5
201406,0.0389,4,5
201407,0.1145,4,5
201408,0.0374,4,5
201409,0.1206,4,5
201410,0.037,4,5
201411,0.0801,4,5
201412,0.1124,4,5
201501,0.0023,4,5
201502,0.0479,4,5
201503,0.2228,4,5
201504,0.1868,4,5
201505,0.071,4,5
201506,-0.0145,4,5
201507,-0.2005,4,5
201508,-0.1613,4,5
201509,-0.0911,4,5
201510,0.1659,4,5
201511,0.0524,4,5
201512,0.0403,4,5
201601,-0.2814,4,5
201602,-0.0106,4,5
201603,0.146,4,5
201604,-0.0065,4,5
201605,-0.0148,4,5
201606,0.0168,4,5
201607,0.0436,4,5
201608,0.0424,4,5
201609,-0.0053,4,5
201610,0.033,4,5
201611,0.0388,4,5
201612,-0.0429,4,5
201701,0.0083,4,5
201702,0.0352,4,5
201703,-0.0074,4,5
201704,-0.0172,4,5
201705,-0.0501,4,5
201706,0.06,4,5
201707,0.0685,4,5
201708,0.0294,4,5
201709,0.0016,4,5
201710,-0.0254,4,5
201711,-0.0227,4,5
201712,-0.0181,4,5
201801,0.0196,4,5
201802,-0.0537,4,5
201803,-0.0249,4,5
201804,-0.0432,4,5
201805,-0.0141,4,5
201806,-0.0997,4,5
201807,0.0044,4,5
201808,-0.0801,4,5
201809,-0.001,4,5
200801,-0.0885,5,1
200802,0.0017,5,1
200803,-0.1685,5,1
200804,-0.0276,5,1
200805,-0.0927,5,1
200806,-0.2054,5,1
200807,0.0297,5,1
200808,-0.2152,5,1
200809,-0.0489,5,1
200810,-0.2576,5,1
200811,0.1873,5,1
200812,0.0003,5,1
200901,0.0918,5,1
200902,0.0657,5,1
200903,0.165,5,1
200904,0.0512,5,1
200905,0.0357,5,1
200906,0.1407,5,1
200907,0.1092,5,1
200908,-0.1213,5,1
200909,0.0741,5,1
200910,0.0542,5,1
200911,0.103,5,1
200912,0.0133,5,1
201001,-0.0536,5,1
201002,0.022,5,1
201003,-0.0025,5,1
201004,-0.0543,5,1
201005,-0.0497,5,1
201006,-0.0825,5,1
201007,0.1343,5,1
201008,0.098,5,1
201009,0.0632,5,1
201010,0.1219,5,1
201011,0.0037,5,1
201012,-0.0255,5,1
201101,-0.0647,5,1
201102,0.0711,5,1
201103,-0.0047,5,1
201104,-0.0179,5,1
201105,-0.0374,5,1
201106,0.0427,5,1
201107,0.0462,5,1
201108,-0.0092,5,1
201109,-0.1193,5,1
201110,0.0207,5,1
201111,-0.0142,5,1
201112,-0.1297,5,1
201201,0.0041,5,1
201202,0.1061,5,1
201203,-0.065,5,1
201204,0.0655,5,1
201205,0.0331,5,1
201206,-0.0381,5,1
201207,-0.0345,5,1
201208,-0.0456,5,1
201209,0.0582,5,1
201210,-0.0297,5,1
201211,-0.111,5,1
201212,0.114,5,1
201301,0.0093,5,1
201302,0.0175,5,1
201303,-0.0314,5,1
201304,-0.0286,5,1
201305,0.0959,5,1
201306,-0.0999,5,1
201307,0.021,5,1
201308,0.0352,5,1
201309,0.0233,5,1
201310,-0.056,5,1
201311,0.0441,5,1
201312,-0.0345,5,1
201401,-0.0279,5,1
201402,0.0018,5,1
201403,-0.0506,5,1
201404,-0.0001,5,1
201405,0.002,5,1
201406,0.0243,5,1
201407,0.0225,5,1
201408,0.0348,5,1
201409,0.0659,5,1
201410,-0.0019,5,1
201411,0.0244,5,1
201412,-0.0048,5,1
201501,0.1092,5,1
201502,0.0748,5,1
201503,0.1716,5,1
201504,0.1603,5,1
201505,0.2024,5,1
201506,-0.1645,5,1
201507,-0.1175,5,1
201508,-0.1943,5,1
201509,-0.0152,5,1
201510,0.1799,5,1
201511,0.0142,5,1
201512,0.0427,5,1
201601,-0.2719,5,1
201602,-0.0455,5,1
201603,0.165,5,1
201604,-0.0355,5,1
201605,0.0079,5,1
201606,0.0252,5,1
201607,-0.0228,5,1
201608,0.0284,5,1
201609,-0.0273,5,1
201610,0.0109,5,1
201611,0.0033,5,1
201612,-0.0853,5,1
201701,-0.0185,5,1
201702,0.0264,5,1
201703,-0.0128,5,1
201704,-0.0291,5,1
201705,-0.0508,5,1
201706,0.0598,5,1
201707,-0.0258,5,1
201708,0.0475,5,1
201709,0.0358,5,1
201710,0.0824,5,1
201711,-0.0394,5,1
201712,0.0444,5,1
201801,0.0069,5,1
201802,-0.0168,5,1
201803,0.0288,5,1
201804,-0.0405,5,1
201805,0.0516,5,1
201806,-0.0544,5,1
201807,-0.0318,5,1
201808,-0.0918,5,1
201809,0.0164,5,1
200801,-0.0677,5,2
200802,0.0454,5,2
200803,-0.2088,5,2
200804,0.0041,5,2
200805,-0.0805,5,2
200806,-0.2422,5,2
200807,0.0175,5,2
200808,-0.2162,5,2
200809,-0.0578,5,2
200810,-0.2961,5,2
200811,0.1373,5,2
200812,0.0466,5,2
200901,0.1539,5,2
200902,0.0579,5,2
200903,0.2243,5,2
200904,0.0671,5,2
200905,0.0417,5,2
200906,0.0863,5,2
200907,0.1242,5,2
200908,-0.2001,5,2
200909,0.0686,5,2
200910,0.1199,5,2
200911,0.0887,5,2
200912,-0.0052,5,2
201001,-0.0672,5,2
201002,0.0332,5,2
201003,0.0103,5,2
201004,-0.0735,5,2
201005,-0.0508,5,2
201006,-0.107,5,2
201007,0.168,5,2
201008,0.0702,5,2
201009,0.0357,5,2
201010,0.149,5,2
201011,-0.06,5,2
201012,-0.0136,5,2
201101,-0.0299,5,2
201102,0.0953,5,2
201103,-0.0567,5,2
201104,-0.0489,5,2
201105,-0.0704,5,2
201106,0.0466,5,2
201107,0.006,5,2
201108,-0.0618,5,2
201109,-0.1104,5,2
201110,0.0051,5,2
201111,-0.0633,5,2
201112,-0.1143,5,2
201201,0.0419,5,2
201202,0.0872,5,2
201203,-0.0741,5,2
201204,0.0743,5,2
201205,0.0098,5,2
201206,-0.096,5,2
201207,-0.068,5,2
201208,-0.0309,5,2
201209,0.0502,5,2
201210,-0.0153,5,2
201211,-0.0948,5,2
201212,0.1544,5,2
201301,0.0548,5,2
201302,0.0061,5,2
201303,-0.0315,5,2
201304,-0.0478,5,2
201305,0.1035,5,2
201306,-0.1491,5,2
201307,0.0433,5,2
201308,0.044,5,2
201309,0.0821,5,2
201310,-0.0344,5,2
201311,0.0488,5,2
201312,-0.0395,5,2
201401,-0.0167,5,2
201402,-0.0073,5,2
201403,-0.0539,5,2
201404,-0.0052,5,2
201405,0.0002,5,2
201406,0.0162,5,2
201407,0.0862,5,2
201408,0.02,5,2
201409,0.0612,5,2
201410,-0.0103,5,2
201411,0.029,5,2
201412,0.0344,5,2
201501,0.0699,5,2
201502,0.0787,5,2
201503,0.1556,5,2
201504,0.1423,5,2
201505,0.155,5,2
201506,-0.0871,5,2
201507,-0.1365,5,2
201508,-0.1493,5,2
201509,-0.0861,5,2
201510,0.1371,5,2
201511,-0.0007,5,2
201512,0.0421,5,2
201601,-0.2547,5,2
201602,-0.0245,5,2
201603,0.1593,5,2
201604,-0.0268,5,2
201605,0.0052,5,2
201606,0.0385,5,2
201607,0.0106,5,2
201608,0.0162,5,2
201609,-0.0122,5,2
201610,0.0119,5,2
201611,0.016,5,2
201612,-0.0553,5,2
201701,-0.0004,5,2
201702,0.0246,5,2
201703,0.0341,5,2
201704,-0.0108,5,2
201705,-0.0055,5,2
201706,0.0885,5,2
201707,-0.0077,5,2
201708,0.0432,5,2
201709,0.0299,5,2
201710,0.0393,5,2
201711,-0.0411,5,2
201712,0.0125,5,2
201801,0.0018,5,2
201802,-0.0192,5,2
201803,0.0213,5,2
201804,-0.0363,5,2
201805,0.0646,5,2
201806,-0.0845,5,2
201807,-0.0042,5,2
201808,-0.0701,5,2
201809,-0.0001,5,2
200801,-0.1151,5,3
200802,0.0485,5,3
200803,-0.232,5,3
200804,0.0174,5,3
200805,-0.0791,5,3
200806,-0.2192,5,3
200807,0.0133,5,3
200808,-0.2218,5,3
200809,-0.0176,5,3
200810,-0.2661,5,3
200811,0.1578,5,3
200812,0.013,5,3
200901,0.1349,5,3
200902,0.0187,5,3
200903,0.2091,5,3
200904,0.0651,5,3
200905,0.0382,5,3
200906,0.0812,5,3
200907,0.1873,5,3
200908,-0.2232,5,3
200909,0.033,5,3
200910,0.1191,5,3
200911,0.0819,5,3
200912,-0.0285,5,3
201001,-0.0984,5,3
201002,0.0351,5,3
201003,0.0272,5,3
201004,-0.0841,5,3
201005,-0.0915,5,3
201006,-0.0922,5,3
201007,0.1413,5,3
201008,-0.0039,5,3
201009,0.012,5,3
201010,0.1398,5,3
201011,-0.0773,5,3
201012,-0.005,5,3
201101,0.0091,5,3
201102,0.0218,5,3
201103,-0.008,5,3
201104,-0.0041,5,3
201105,-0.0734,5,3
201106,0.031,5,3
201107,-0.0198,5,3
201108,-0.0751,5,3
201109,-0.1088,5,3
201110,0.0265,5,3
201111,-0.0857,5,3
201112,-0.0957,5,3
201201,0.0447,5,3
201202,0.0908,5,3
201203,-0.0813,5,3
201204,0.0787,5,3
201205,0.003,5,3
201206,-0.093,5,3
201207,-0.0415,5,3
201208,-0.0307,5,3
201209,0.0292,5,3
201210,-0.0123,5,3
201211,-0.0346,5,3
201212,0.1132,5,3
201301,0.024,5,3
201302,-0.0184,5,3
201303,-0.0556,5,3
201304,-0.024,5,3
201305,0.0299,5,3
201306,-0.1243,5,3
201307,0.047,5,3
201308,0.0251,5,3
201309,0.0532,5,3
201310,-0.0151,5,3
201311,0.0288,5,3
201312,-0.0397,5,3
201401,-0.0361,5,3
201402,-0.0063,5,3
201403,-0.0222,5,3
201404,-0.0095,5,3
201405,0.0097,5,3
201406,0.0147,5,3
201407,0.0761,5,3
201408,0.0195,5,3
201409,0.094,5,3
201410,0.0015,5,3
201411,0.0548,5,3
201412,0.1311,5,3
201501,0.0365,5,3
201502,0.0599,5,3
201503,0.146,5,3
201504,0.1751,5,3
201505,0.0995,5,3
201506,-0.0909,5,3
201507,-0.1646,5,3
201508,-0.1214,5,3
201509,-0.0966,5,3
201510,0.1479,5,3
201511,0.0272,5,3
201512,0.0117,5,3
201601,-0.2757,5,3
201602,-0.0165,5,3
201603,0.1708,5,3
201604,-0.0515,5,3
201605,0.0005,5,3
201606,0.0241,5,3
201607,0.0356,5,3
201608,0.0325,5,3
201609,-0.0307,5,3
201610,0.0313,5,3
201611,0.0137,5,3
201612,-0.0328,5,3
201701,-0.0008,5,3
201702,0.0505,5,3
201703,0.029,5,3
201704,-0.0052,5,3
201705,-0.0157,5,3
201706,0.0682,5,3
201707,0.0261,5,3
201708,0.008,5,3
201709,0.0187,5,3
201710,0.0429,5,3
201711,-0.0319,5,3
201712,0.0325,5,3
201801,0.0284,5,3
201802,-0.0346,5,3
201803,-0.0206,5,3
201804,-0.0514,5,3
201805,0.0423,5,3
201806,-0.0555,5,3
201807,0.0198,5,3
201808,-0.0713,5,3
201809,0.0056,5,3
200801,-0.0988,5,4
200802,0.0639,5,4
200803,-0.1844,5,4
200804,0.0191,5,4
200805,-0.0358,5,4
200806,-0.2389,5,4
200807,0.0217,5,4
200808,-0.1602,5,4
200809,0.0034,5,4
200810,-0.2713,5,4
200811,0.0712,5,4
200812,-0.021,5,4
200901,0.1358,5,4
200902,0.0341,5,4
200903,0.2012,5,4
200904,0.0437,5,4
200905,0.0111,5,4
200906,0.0699,5,4
200907,0.2223,5,4
200908,-0.2365,5,4
200909,0.0125,5,4
200910,0.0835,5,4
200911,0.1252,5,4
200912,0.0258,5,4
201001,-0.0915,5,4
201002,0.0341,5,4
201003,-0.0044,5,4
201004,-0.0978,5,4
201005,-0.0913,5,4
201006,-0.0808,5,4
201007,0.146,5,4
201008,0.0268,5,4
201009,0.0223,5,4
201010,0.1246,5,4
201011,-0.0678,5,4
201012,0.0257,5,4
201101,-0.0204,5,4
201102,0.0582,5,4
201103,-0.0074,5,4
201104,-0.0182,5,4
201105,-0.0681,5,4
201106,0.0272,5,4
201107,-0.0188,5,4
201108,-0.072,5,4
201109,-0.0402,5,4
201110,0.0277,5,4
201111,-0.0591,5,4
201112,-0.0069,5,4
201201,0.0568,5,4
201202,0.0421,5,4
201203,-0.0778,5,4
201204,0.0423,5,4
201205,-0.0239,5,4
201206,-0.0522,5,4
201207,-0.0519,5,4
201208,-0.0625,5,4
201209,0.0324,5,4
201210,-0.0003,5,4
201211,-0.0297,5,4
201212,0.1578,5,4
201301,0.0317,5,4
201302,-0.0035,5,4
201303,-0.0418,5,4
201304,-0.0477,5,4
201305,0.0426,5,4
201306,-0.1668,5,4
201307,0.0295,5,4
201308,0.0763,5,4
201309,0.0513,5,4
201310,-0.0022,5,4
201311,0.0369,5,4
201312,-0.0515,5,4
201401,-0.0384,5,4
201402,0.0241,5,4
201403,0.0005,5,4
201404,-0.0053,5,4
201405,0.0106,5,4
201406,0.0243,5,4
201407,0.1049,5,4
201408,0.0216,5,4
201409,0.1055,5,4
201410,0.0287,5,4
201411,0.113,5,4
201412,0.1606,5,4
201501,0.0881,5,4
201502,0.0428,5,4
201503,0.1956,5,4
201504,0.2886,5,4
201505,0.0484,5,4
201506,-0.1379,5,4
201507,-0.1517,5,4
201508,-0.1069,5,4
201509,-0.0892,5,4
201510,0.139,5,4
201511,-0.0188,5,4
201512,0.0051,5,4
201601,-0.2825,5,4
201602,-0.0269,5,4
201603,0.1319,5,4
201604,-0.0477,5,4
201605,-0.019,5,4
201606,0.0063,5,4
201607,0.0401,5,4
201608,0.0197,5,4
201609,-0.0226,5,4
201610,0.0208,5,4
201611,0.0617,5,4
201612,-0.0616,5,4
201701,0.0232,5,4
201702,0.0402,5,4
201703,0.0059,5,4
201704,-0.0005,5,4
201705,-0.03,5,4
201706,0.0651,5,4
201707,0.0216,5,4
201708,-0.0006,5,4
201709,0.0194,5,4
201710,0.0442,5,4
201711,-0.0319,5,4
201712,0.0223,5,4
201801,0.0262,5,4
201802,-0.0413,5,4
201803,-0.0219,5,4
201804,-0.0432,5,4
201805,-0.005,5,4
201806,-0.1047,5,4
201807,-0.0027,5,4
201808,-0.0546,5,4
201809,0.033,5,4
200801,-0.1511,5,5
200802,0.0243,5,5
200803,-0.2408,5,5
200804,0.0314,5,5
200805,-0.0182,5,5
200806,-0.2722,5,5
200807,0.0173,5,5
200808,-0.1897,5,5
200809,0.0608,5,5
200810,-0.2855,5,5
200811,0.1629,5,5
200812,-0.0729,5,5
200901,0.1052,5,5
200902,0.0446,5,5
200903,0.1403,5,5
200904,0.0624,5,5
200905,0.0391,5,5
200906,0.0891,5,5
200907,0.26,5,5
200908,-0.2487,5,5
200909,0.0226,5,5
200910,0.0865,5,5
200911,0.0752,5,5
200912,0.0677,5,5
201001,-0.1402,5,5
201002,0.0164,5,5
201003,0.0079,5,5
201004,-0.1043,5,5
201005,-0.1277,5,5
201006,-0.068,5,5
201007,0.1091,5,5
201008,-0.0117,5,5
201009,0.0106,5,5
201010,0.1389,5,5
201011,-0.095,5,5
201012,0.0163,5,5
201101,0.0237,5,5
201102,0.0194,5,5
201103,0.0238,5,5
201104,-0.0077,5,5
201105,-0.0653,5,5
201106,0.0193,5,5
201107,-0.0484,5,5
201108,-0.0687,5,5
201109,-0.0721,5,5
201110,0.0497,5,5
201111,-0.0626,5,5
201112,-0.0342,5,5
201201,0.0481,5,5
201202,0.0458,5,5
201203,-0.0739,5,5
201204,0.0473,5,5
201205,-0.0051,5,5
201206,-0.0591,5,5
201207,-0.0469,5,5
201208,-0.0486,5,5
201209,0.0223,5,5
201210,0.0075,5,5
201211,-0.0167,5,5
201212,0.1397,5,5
201301,0.0245,5,5
201302,-0.0001,5,5
201303,-0.0558,5,5
201304,-0.022,5,5
201305,0.0552,5,5
201306,-0.1678,5,5
201307,0.0203,5,5
201308,0.0509,5,5
201309,0.0406,5,5
201310,-0.0081,5,5
201311,0.0412,5,5
201312,-0.0535,5,5
201401,-0.0649,5,5
201402,0.0113,5,5
201403,-0.002,5,5
201404,-0.0208,5,5
201405,0.0042,5,5
201406,0.0083,5,5
201407,0.0841,5,5
201408,0.0069,5,5
201409,0.0487,5,5
201410,0.027,5,5
201411,0.0881,5,5
201412,0.301,5,5
201501,-0.0184,5,5
201502,0.0204,5,5
201503,0.1103,5,5
201504,0.2573,5,5
201505,-0.0628,5,5
201506,-0.0237,5,5
201507,-0.1344,5,5
201508,-0.1397,5,5
201509,-0.071,5,5
201510,0.0895,5,5
201511,-0.02,5,5
201512,0.0227,5,5
201601,-0.1918,5,5
201602,-0.0157,5,5
201603,0.0815,5,5
201604,-0.0178,5,5
201605,-0.0114,5,5
201606,-0.0108,5,5
201607,0.0385,5,5
201608,0.045,5,5
201609,-0.0255,5,5
201610,0.042,5,5
201611,0.0858,5,5
201612,-0.0439,5,5
201701,0.0498,5,5
201702,0.0124,5,5
201703,-0.0033,5,5
201704,0.0097,5,5
201705,0.0046,5,5
201706,0.037,5,5
201707,0.0414,5,5
201708,0.0072,5,5
201709,-0.0004,5,5
201710,0.0225,5,5
201711,-0.002,5,5
201712,-0.0007,5,5
201801,0.0819,5,5
201802,-0.0701,5,5
201803,-0.0436,5,5
201804,-0.0237,5,5
201805,0.0086,5,5
201806,-0.0635,5,5
201807,0.0294,5,5
201808,-0.0228,5,5
201809,0.0587,5,5
